{"type": "FeatureCollection", "features": [{"type": "Feature", "properties": {"name": "Ackerman Wrecker Service, Inc.", "bucket": "tier1_micro_basic", "sector": "48"}, "geometry": {"type": "Point", "coordinates": [-83.63095548412, 32.810767742542]}}, {"type": "Feature", "properties": {"name": "Active Imaging Services LLC", "bucket": "tier1_micro_basic", "sector": "42"}, "geometry": {"type": "Point", "coordinates": [-83.659409139382, 32.724950364696]}}, {"type": "Feature", "properties": {"name": "Air Compressor Sales, Inc.", "bucket": "tier1_micro_basic", "sector": "31"}, "geometry": {"type": "Point", "coordinates": [-83.742027049847, 32.833928985008]}}, {"type": "Feature", "properties": {"name": "Wesley Glen Ministries", "bucket": "tier4_regional_stakeholder", "sector": "unclassified"}, "geometry": {"type": "Point", "coordinates": [-83.704534124824, 32.847763377396]}}, {"type": "Feature", "properties": {"name": "Akridge Realty, Inc.", "bucket": "tier1_micro_basic", "sector": "53"}, "geometry": {"type": "Point", "coordinates": [-83.707750197071, 32.788221045151]}}, {"type": "Feature", "properties": {"name": "American Service Industries", "bucket": "tier2_catalyst", "sector": "56"}, "geometry": {"type": "Point", "coordinates": [-83.70997363664, 32.928585740668]}}, {"type": "Feature", "properties": {"name": "Anderson, Walker & Reichert, LLP", "bucket": "tier1_micro_basic", "sector": "54"}, "geometry": {"type": "Point", "coordinates": [-83.627311312065, 32.837764661374]}}, {"type": "Feature", "properties": {"name": "Andrews, Hammock, & Powell, Inc.", "bucket": "tier2_catalyst", "sector": "23"}, "geometry": {"type": "Point", "coordinates": [-83.697013384519, 32.869720205603]}}, {"type": "Feature", "properties": {"name": "Appling Brothers Company", "bucket": "tier2_catalyst", "sector": "23"}, "geometry": {"type": "Point", "coordinates": [-83.595760884635, 32.897702737376]}}, {"type": "Feature", "properties": {"name": "Macon Coca-Cola Bottling Co.", "bucket": "tier3_community", "sector": "42"}, "geometry": {"type": "Point", "coordinates": [-83.677914830215, 32.782200252296]}}, {"type": "Feature", "properties": {"name": "Atlanta Gas Light Company", "bucket": "tier3_community", "sector": "22"}, "geometry": {"type": "Point", "coordinates": [-83.722810835565, 32.934155241961]}}, {"type": "Feature", "properties": {"name": "Carol Bashuk Beltone Hearing Care Center", "bucket": "tier1_micro_basic", "sector": "62"}, "geometry": {"type": "Point", "coordinates": [-83.658506786215, 32.85367856271]}}, {"type": "Feature", "properties": {"name": "B & D Industrial", "bucket": "tier3_community", "sector": "31"}, "geometry": {"type": "Point", "coordinates": [-83.614452345509, 32.826395339226]}}, {"type": "Feature", "properties": {"name": "AT&T Store - Riverside", "bucket": "additional_listing", "sector": "44"}, "geometry": {"type": "Point", "coordinates": [-83.710965609177, 32.923646972742]}}, {"type": "Feature", "properties": {"name": "Better Business Bureau", "bucket": "tier3_community", "sector": "unclassified"}, "geometry": {"type": "Point", "coordinates": [-83.623567848447, 32.835573719524]}}, {"type": "Feature", "properties": {"name": "Bibb County School District", "bucket": "tier2_catalyst", "sector": "61"}, "geometry": {"type": "Point", "coordinates": [-83.626241856742, 32.836662470997]}}, {"type": "Feature", "properties": {"name": "Bibb Distributing Company", "bucket": "tier4_regional_stakeholder", "sector": "42"}, "geometry": {"type": "Point", "coordinates": [-83.655617241252, 32.731006598083]}}, {"type": "Feature", "properties": {"name": "Bibb Home Improvement Service", "bucket": "tier1_micro_basic", "sector": "23"}, "geometry": {"type": "Point", "coordinates": [-83.660884818567, 32.811140154962]}}, {"type": "Feature", "properties": {"name": "MidSouth Community Federal Credit Union", "bucket": "tier2_catalyst", "sector": "52"}, "geometry": {"type": "Point", "coordinates": [-83.72060380875, 32.827672032544]}}, {"type": "Feature", "properties": {"name": "Blake & Pendleton, Inc.", "bucket": "tier2_catalyst", "sector": "42"}, "geometry": {"type": "Point", "coordinates": [-83.623377078808, 32.832329862005]}}, {"type": "Feature", "properties": {"name": "BTV Systems", "bucket": "tier1_micro_basic", "sector": "56"}, "geometry": {"type": "Point", "coordinates": [-83.701597722704, 32.786552125668]}}, {"type": "Feature", "properties": {"name": "Blue Bird Corporation", "bucket": "tier5_driver_investor", "sector": "31"}, "geometry": {"type": "Point", "coordinates": [-83.68724245955, 32.905905361091]}}, {"type": "Feature", "properties": {"name": "Dr. Shawn Scott, D.D.S., LLC", "bucket": "tier1_micro_basic", "sector": "62"}, "geometry": {"type": "Point", "coordinates": [-83.681655862833, 32.893112818695]}}, {"type": "Feature", "properties": {"name": "Boy Scouts of America, Central Georgia Council", "bucket": "tier1_micro_basic", "sector": "unclassified"}, "geometry": {"type": "Point", "coordinates": [-83.571746162831, 32.801188898966]}}, {"type": "Feature", "properties": {"name": "Smith, Brown & Groover, Inc.", "bucket": "tier1_micro_basic", "sector": "52"}, "geometry": {"type": "Point", "coordinates": [-83.69001773757, 32.863529163232]}}, {"type": "Feature", "properties": {"name": "Buford and Buford", "bucket": "tier1_micro_basic", "sector": "54"}, "geometry": {"type": "Point", "coordinates": [-83.636074622706, 32.845824800195]}}, {"type": "Feature", "properties": {"name": "Schuster Enterprises, Inc. dba Burger King", "bucket": "tier1_micro_basic", "sector": "72"}, "geometry": {"type": "Point", "coordinates": [-83.663093121318, 32.808383763766]}}, {"type": "Feature", "properties": {"name": "Burgess Pigment Company", "bucket": "tier1_micro_basic", "sector": "21"}, "geometry": {"type": "Point", "coordinates": [-83.662384352962, 32.848767998032]}}, {"type": "Feature", "properties": {"name": "Butler Automotive Group", "bucket": "tier5_driver_investor", "sector": "44"}, "geometry": {"type": "Point", "coordinates": [-83.702851123991, 32.870940861424]}}, {"type": "Feature", "properties": {"name": "Butler, Williams & Wyche, LLP", "bucket": "tier1_micro_basic", "sector": "54"}, "geometry": {"type": "Point", "coordinates": [-83.714484244414, 32.93132978183]}}, {"type": "Feature", "properties": {"name": "C & H Bus Lines, Inc.", "bucket": "tier1_micro_basic", "sector": "48"}, "geometry": {"type": "Point", "coordinates": [-83.629681267037, 32.830976041071]}}, {"type": "Feature", "properties": {"name": "Carlyle Place", "bucket": "tier1_micro_basic", "sector": "62"}, "geometry": {"type": "Point", "coordinates": [-83.738626843487, 32.879530245335]}}, {"type": "Feature", "properties": {"name": "Central Georgia Electric Membership Corp.", "bucket": "tier5_driver_investor", "sector": "22"}, "geometry": {"type": "Point", "coordinates": [-83.969085982478, 33.285772379341]}}, {"type": "Feature", "properties": {"name": "Eye Center of Central Georgia, PC", "bucket": "tier2_catalyst", "sector": "62"}, "geometry": {"type": "Point", "coordinates": [-83.646265345016, 32.834706592369]}}, {"type": "Feature", "properties": {"name": "Central Georgia Cancer Care", "bucket": "tier2_catalyst", "sector": "62"}, "geometry": {"type": "Point", "coordinates": [-83.731234425293, 32.925233851899]}}, {"type": "Feature", "properties": {"name": "Atrium Health Navicent Rehabilitation Hospital", "bucket": "additional_listing", "sector": "62"}, "geometry": {"type": "Point", "coordinates": [-83.682913928364, 32.893621841485]}}, {"type": "Feature", "properties": {"name": "Clark Memorials", "bucket": "tier1_micro_basic", "sector": "81"}, "geometry": {"type": "Point", "coordinates": [-83.677882240191, 32.853365446442]}}, {"type": "Feature", "properties": {"name": "Community Foundation of Central Georgia", "bucket": "tier2_catalyst", "sector": "unclassified"}, "geometry": {"type": "Point", "coordinates": [-83.627311312065, 32.837764661374]}}, {"type": "Feature", "properties": {"name": "Courtyard by Marriott", "bucket": "tier1_micro_basic", "sector": "unclassified"}, "geometry": {"type": "Point", "coordinates": [-83.689934074045, 32.907322244621]}}, {"type": "Feature", "properties": {"name": "Cox Communications", "bucket": "tier5_driver_investor", "sector": "51"}, "geometry": {"type": "Point", "coordinates": [-83.654732989257, 32.726167311179]}}, {"type": "Feature", "properties": {"name": "C-W-C Macon", "bucket": "tier1_micro_basic", "sector": "54"}, "geometry": {"type": "Point", "coordinates": [-83.678339630665, 32.892210368697]}}, {"type": "Feature", "properties": {"name": "Dismas Charities - Macon", "bucket": "tier1_micro_basic", "sector": "unclassified"}, "geometry": {"type": "Point", "coordinates": [-83.632571189693, 32.832275300706]}}, {"type": "Feature", "properties": {"name": "The Douglass Theatre", "bucket": "tier1_micro_basic", "sector": "71"}, "geometry": {"type": "Point", "coordinates": [-83.624812739294, 32.835350309921]}}, {"type": "Feature", "properties": {"name": "Dunwody/Beeland Architects, Inc.", "bucket": "tier5_driver_investor", "sector": "54"}, "geometry": {"type": "Point", "coordinates": [-83.624342476716, 32.835790928294]}}, {"type": "Feature", "properties": {"name": "1842 Inn, LLC", "bucket": "tier1_micro_basic", "sector": "72"}, "geometry": {"type": "Point", "coordinates": [-83.637923220949, 32.841898920823]}}, {"type": "Feature", "properties": {"name": "Coldwell Banker Commercial Eberhardt & Barry", "bucket": "tier1_micro_basic", "sector": "53"}, "geometry": {"type": "Point", "coordinates": [-83.63175903041, 32.84411193119]}}, {"type": "Feature", "properties": {"name": "Family Counseling Center of Central Ga, Inc.", "bucket": "tier1_micro_basic", "sector": "62"}, "geometry": {"type": "Point", "coordinates": [-83.623567848447, 32.835573719524]}}, {"type": "Feature", "properties": {"name": "Fickling & Company, Inc.", "bucket": "tier5_driver_investor", "sector": "53"}, "geometry": {"type": "Point", "coordinates": [-83.627311312065, 32.837764661374]}}, {"type": "Feature", "properties": {"name": "Fincher's Barbecue and Catering, Inc.", "bucket": "tier2_catalyst", "sector": "72"}, "geometry": {"type": "Point", "coordinates": [-83.619478497084, 32.852452187171]}}, {"type": "Feature", "properties": {"name": "First Presbyterian Day School", "bucket": "tier1_micro_basic", "sector": "61"}, "geometry": {"type": "Point", "coordinates": [-83.750215595258, 32.87169192619]}}, {"type": "Feature", "properties": {"name": "Capital City Bank", "bucket": "tier1_micro_basic", "sector": "52"}, "geometry": {"type": "Point", "coordinates": [-83.624010591277, 32.834421513507]}}, {"type": "Feature", "properties": {"name": "Triple-S Steel of Georgia", "bucket": "tier5_driver_investor", "sector": "31"}, "geometry": {"type": "Point", "coordinates": [-83.650398894139, 32.790905604838]}}, {"type": "Feature", "properties": {"name": "Georgia Industrial Children's Home/Twin Cedars Inc", "bucket": "tier1_micro_basic", "sector": "62"}, "geometry": {"type": "Point", "coordinates": [-83.715757546008, 32.84850906661]}}, {"type": "Feature", "properties": {"name": "Georgia Employers' Association", "bucket": "tier1_micro_basic", "sector": "unclassified"}, "geometry": {"type": "Point", "coordinates": [-83.68724245955, 32.905905361091]}}, {"type": "Feature", "properties": {"name": "Georgia Farm Bureau", "bucket": "tier5_driver_investor", "sector": "52"}, "geometry": {"type": "Point", "coordinates": [-83.730478166085, 32.929058690345]}}, {"type": "Feature", "properties": {"name": "Georgia Power Company", "bucket": "tier4_regional_stakeholder", "sector": "22"}, "geometry": {"type": "Point", "coordinates": [-83.675285105918, 32.817832513153]}}, {"type": "Feature", "properties": {"name": "Georgia Sports Hall of Fame", "bucket": "tier1_micro_basic", "sector": "71"}, "geometry": {"type": "Point", "coordinates": [-83.624458492422, 32.833892033561]}}, {"type": "Feature", "properties": {"name": "Terracon Consultants, Inc.", "bucket": "tier2_catalyst", "sector": "23"}, "geometry": {"type": "Point", "coordinates": [-83.672819173714, 32.845667461923]}}, {"type": "Feature", "properties": {"name": "GIGA Inc", "bucket": "tier2_catalyst", "sector": "31"}, "geometry": {"type": "Point", "coordinates": [-83.657068549078, 32.706229546982]}}, {"type": "Feature", "properties": {"name": "GEICO", "bucket": "tier4_regional_stakeholder", "sector": "52"}, "geometry": {"type": "Point", "coordinates": [-83.569233610577, 32.810986937033]}}, {"type": "Feature", "properties": {"name": "The Grand Opera House", "bucket": "additional_listing", "sector": "71"}, "geometry": {"type": "Point", "coordinates": [-83.628564498107, 32.838509271253]}}, {"type": "Feature", "properties": {"name": "Collins Manufacturing Company", "bucket": "tier2_catalyst", "sector": "31"}, "geometry": {"type": "Point", "coordinates": [-83.630476077791, 32.813086761189]}}, {"type": "Feature", "properties": {"name": "H&H Soul Food", "bucket": "additional_listing", "sector": "72"}, "geometry": {"type": "Point", "coordinates": [-83.63456999747, 32.835745518699]}}, {"type": "Feature", "properties": {"name": "Piedmont Macon Medical Center", "bucket": "tier4_regional_stakeholder", "sector": "62"}, "geometry": {"type": "Point", "coordinates": [-83.61802395696, 32.845932457479]}}, {"type": "Feature", "properties": {"name": "Atrium Health Navicent Wound Care", "bucket": "additional_listing", "sector": "62"}, "geometry": {"type": "Point", "coordinates": [-83.635498729802, 32.835543147678]}}, {"type": "Feature", "properties": {"name": "Piedmont Macon North Hospital", "bucket": "additional_listing", "sector": "62"}, "geometry": {"type": "Point", "coordinates": [-83.693308866678, 32.867578223169]}}, {"type": "Feature", "properties": {"name": "Constangy, Brooks, Smith & Prophete, LLP", "bucket": "tier1_micro_basic", "sector": "54"}, "geometry": {"type": "Point", "coordinates": [-83.68724245955, 32.905905361091]}}, {"type": "Feature", "properties": {"name": "Hays Service, LLC", "bucket": "tier2_catalyst", "sector": "23"}, "geometry": {"type": "Point", "coordinates": [-83.729231432052, 32.825901446114]}}, {"type": "Feature", "properties": {"name": "Heart of Georgia Insurance Brokers", "bucket": "tier1_micro_basic", "sector": "52"}, "geometry": {"type": "Point", "coordinates": [-83.628504877765, 32.842160055833]}}, {"type": "Feature", "properties": {"name": "Hofstadter & Associates, Inc.", "bucket": "tier1_micro_basic", "sector": "54"}, "geometry": {"type": "Point", "coordinates": [-83.695991786018, 32.914511824089]}}, {"type": "Feature", "properties": {"name": "Howard, Moore & McDuffie, P.C.", "bucket": "tier1_micro_basic", "sector": "54"}, "geometry": {"type": "Point", "coordinates": [-83.627311312065, 32.837764661374]}}, {"type": "Feature", "properties": {"name": "Hudspeth Animal Hospital", "bucket": "tier1_micro_basic", "sector": "54"}, "geometry": {"type": "Point", "coordinates": [-83.662319312705, 32.841650226159]}}, {"type": "Feature", "properties": {"name": "Triple Point Engineering, Inc.", "bucket": "tier1_micro_basic", "sector": "54"}, "geometry": {"type": "Point", "coordinates": [-83.709376732662, 32.927575958456]}}, {"type": "Feature", "properties": {"name": "Hutchings Funeral Home, Inc.", "bucket": "tier1_micro_basic", "sector": "81"}, "geometry": {"type": "Point", "coordinates": [-83.633554825686, 32.836598122825]}}, {"type": "Feature", "properties": {"name": "Idle Hour Club", "bucket": "tier5_driver_investor", "sector": "71"}, "geometry": {"type": "Point", "coordinates": [-83.70813242231, 32.869796137186]}}, {"type": "Feature", "properties": {"name": "Internal Medicine Associates, P.C.", "bucket": "tier5_driver_investor", "sector": "62"}, "geometry": {"type": "Point", "coordinates": [-83.617683233813, 32.846067196903]}}, {"type": "Feature", "properties": {"name": "Mercedes Benz/Volvo/Subaru of Macon", "bucket": "tier2_catalyst", "sector": "44"}, "geometry": {"type": "Point", "coordinates": [-83.710293100112, 32.922131212278]}}, {"type": "Feature", "properties": {"name": "James Bates Brannan Groover LLP", "bucket": "tier5_driver_investor", "sector": "54"}, "geometry": {"type": "Point", "coordinates": [-83.619789518104, 32.837036045702]}}, {"type": "Feature", "properties": {"name": "Jean and Hall Florists, LLC", "bucket": "tier1_micro_basic", "sector": "44"}, "geometry": {"type": "Point", "coordinates": [-83.631858479148, 32.838229587512]}}, {"type": "Feature", "properties": {"name": "Jones Cork, LLP", "bucket": "tier3_community", "sector": "54"}, "geometry": {"type": "Point", "coordinates": [-83.629431245003, 32.836197135909]}}, {"type": "Feature", "properties": {"name": "Ocmulgee Fields, Inc.", "bucket": "tier1_micro_basic", "sector": "53"}, "geometry": {"type": "Point", "coordinates": [-83.717213506944, 32.897266166828]}}, {"type": "Feature", "properties": {"name": "Kaybee of Macon, Inc.", "bucket": "tier1_micro_basic", "sector": "44"}, "geometry": {"type": "Point", "coordinates": [-83.627792863355, 32.834976664195]}}, {"type": "Feature", "properties": {"name": "Cherry Blossom Festival, Macon GA International", "bucket": "tier1_micro_basic", "sector": "71"}, "geometry": {"type": "Point", "coordinates": [-83.63203938112, 32.838340595558]}}, {"type": "Feature", "properties": {"name": "Ken's Stereo Macon and Warner Robins", "bucket": "tier1_micro_basic", "sector": "44"}, "geometry": {"type": "Point", "coordinates": [-83.696754888242, 32.821534605609]}}, {"type": "Feature", "properties": {"name": "Lamb & Braswell, LLC", "bucket": "tier1_micro_basic", "sector": "54"}, "geometry": {"type": "Point", "coordinates": [-83.691351525013, 32.911546117623]}}, {"type": "Feature", "properties": {"name": "Bob Lewis & Associates, Inc.", "bucket": "tier1_micro_basic", "sector": "53"}, "geometry": {"type": "Point", "coordinates": [-83.626894190008, 32.839198408166]}}, {"type": "Feature", "properties": {"name": "Lintech International", "bucket": "tier2_catalyst", "sector": "31"}, "geometry": {"type": "Point", "coordinates": [-83.663800104447, 32.698912586369]}}, {"type": "Feature", "properties": {"name": "McNair, McLemore, Middlebrooks & Co., LLC", "bucket": "tier3_community", "sector": "54"}, "geometry": {"type": "Point", "coordinates": [-83.624617627667, 32.836172210297]}}, {"type": "Feature", "properties": {"name": "Middle Georgia Community Food Bank", "bucket": "tier1_micro_basic", "sector": "unclassified"}, "geometry": {"type": "Point", "coordinates": [-83.568623051906, 32.805414879663]}}, {"type": "Feature", "properties": {"name": "Macon Milledgeville Regional Habitat for Humanity", "bucket": "tier1_micro_basic", "sector": "unclassified"}, "geometry": {"type": "Point", "coordinates": [-83.652845550683, 32.838609620449]}}, {"type": "Feature", "properties": {"name": "Beverage South of Macon", "bucket": "tier5_driver_investor", "sector": "42"}, "geometry": {"type": "Point", "coordinates": [-83.663593495029, 32.698919764894]}}, {"type": "Feature", "properties": {"name": "Macon-Bibb County Health Department", "bucket": "tier2_catalyst", "sector": "62"}, "geometry": {"type": "Point", "coordinates": [-83.645488944098, 32.838735065764]}}, {"type": "Feature", "properties": {"name": "Macon Water Authority", "bucket": "tier1_micro_basic", "sector": "22"}, "geometry": {"type": "Point", "coordinates": [-83.632902445259, 32.831886921089]}}, {"type": "Feature", "properties": {"name": "Middle Georgia Association of Realtors", "bucket": "tier1_micro_basic", "sector": "53"}, "geometry": {"type": "Point", "coordinates": [-83.677738658898, 32.853404618917]}}, {"type": "Feature", "properties": {"name": "SPP Investments, LLC", "bucket": "tier1_micro_basic", "sector": "53"}, "geometry": {"type": "Point", "coordinates": [-83.762042398213, 32.87632775981]}}, {"type": "Feature", "properties": {"name": "Macon Magazine", "bucket": "tier1_micro_basic", "sector": "51"}, "geometry": {"type": "Point", "coordinates": [-83.637497681425, 32.838642496483]}}, {"type": "Feature", "properties": {"name": "OrthoGeorgia", "bucket": "tier3_community", "sector": "62"}, "geometry": {"type": "Point", "coordinates": [-83.692169749199, 32.897149342881]}}, {"type": "Feature", "properties": {"name": "MetroPower, Inc.", "bucket": "tier2_catalyst", "sector": "23"}, "geometry": {"type": "Point", "coordinates": [-83.628538044823, 32.832273047093]}}, {"type": "Feature", "properties": {"name": "Macon Supply Company, Inc.", "bucket": "tier1_micro_basic", "sector": "23"}, "geometry": {"type": "Point", "coordinates": [-83.632293885131, 32.813565351149]}}, {"type": "Feature", "properties": {"name": "Central Georgia Technical College", "bucket": "tier5_driver_investor", "sector": "61"}, "geometry": {"type": "Point", "coordinates": [-83.690675935899, 32.81426524694]}}, {"type": "Feature", "properties": {"name": "Marshall Lumber Company, Inc.", "bucket": "tier1_micro_basic", "sector": "23"}, "geometry": {"type": "Point", "coordinates": [-83.672223038037, 32.839183861587]}}, {"type": "Feature", "properties": {"name": "Martin Snow, LLP", "bucket": "tier2_catalyst", "sector": "54"}, "geometry": {"type": "Point", "coordinates": [-83.625308921969, 32.837913729688]}}, {"type": "Feature", "properties": {"name": "Adams, Jordan & Herrington, P.C.", "bucket": "tier1_micro_basic", "sector": "54"}, "geometry": {"type": "Point", "coordinates": [-83.632346966838, 32.841538229292]}}, {"type": "Feature", "properties": {"name": "Mauldin & Jenkins, CPAs, LLC", "bucket": "tier5_driver_investor", "sector": "54"}, "geometry": {"type": "Point", "coordinates": [-83.624342476716, 32.835790928294]}}, {"type": "Feature", "properties": {"name": "Bert Maxwell Furniture Company", "bucket": "tier1_micro_basic", "sector": "44"}, "geometry": {"type": "Point", "coordinates": [-83.629858301109, 32.835688615231]}}, {"type": "Feature", "properties": {"name": "Atrium Health Navicent", "bucket": "tier4_regional_stakeholder", "sector": "62"}, "geometry": {"type": "Point", "coordinates": [-83.636290487022, 32.833119615795]}}, {"type": "Feature", "properties": {"name": "Atrium Health Navicent Urgent Care Northwest", "bucket": "additional_listing", "sector": "62"}, "geometry": {"type": "Point", "coordinates": [-83.758397923091, 32.879913917283]}}, {"type": "Feature", "properties": {"name": "The Wellness Center", "bucket": "additional_listing", "sector": "81"}, "geometry": {"type": "Point", "coordinates": [-83.693014845496, 32.897622066317]}}, {"type": "Feature", "properties": {"name": "Central Georgia Home Health Services, Inc.", "bucket": "additional_listing", "sector": "62"}, "geometry": {"type": "Point", "coordinates": [-83.702698992384, 32.815975028329]}}, {"type": "Feature", "properties": {"name": "Macon-Bibb County Hospital Authority", "bucket": "additional_listing", "sector": "62"}, "geometry": {"type": "Point", "coordinates": [-83.636290487022, 32.833119615795]}}, {"type": "Feature", "properties": {"name": "Atrium Health Navicent Business Office", "bucket": "additional_listing", "sector": "62"}, "geometry": {"type": "Point", "coordinates": [-83.658870222108, 32.869163228214]}}, {"type": "Feature", "properties": {"name": "Atrium Health Navicent Imaging & Laboratory", "bucket": "additional_listing", "sector": "62"}, "geometry": {"type": "Point", "coordinates": [-83.645329775435, 32.840721521184]}}, {"type": "Feature", "properties": {"name": "Children's Hospital, Atrium Health Navicent", "bucket": "additional_listing", "sector": "62"}, "geometry": {"type": "Point", "coordinates": [-83.636572461694, 32.835161172709]}}, {"type": "Feature", "properties": {"name": "Scott's Health Mart Pharmacy #1", "bucket": "tier1_micro_basic", "sector": "62"}, "geometry": {"type": "Point", "coordinates": [-83.662471085791, 32.84091799896]}}, {"type": "Feature", "properties": {"name": "The Mentors Project of Bibb County", "bucket": "tier1_micro_basic", "sector": "62"}, "geometry": {"type": "Point", "coordinates": [-83.626241856742, 32.836662470997]}}, {"type": "Feature", "properties": {"name": "River Edge Behavioral Health", "bucket": "tier5_driver_investor", "sector": "62"}, "geometry": {"type": "Point", "coordinates": [-83.62332436408, 32.848145437666]}}, {"type": "Feature", "properties": {"name": "Mercer University", "bucket": "tier4_regional_stakeholder", "sector": "61"}, "geometry": {"type": "Point", "coordinates": [-83.651702293643, 32.825863252811]}}, {"type": "Feature", "properties": {"name": "Mercer Engineering Research Center", "bucket": "additional_listing", "sector": "54"}, "geometry": {"type": "Point", "coordinates": [-83.687085959866, 32.613766723696]}}, {"type": "Feature", "properties": {"name": "Merrill Lynch Wealth Management", "bucket": "tier5_driver_investor", "sector": "52"}, "geometry": {"type": "Point", "coordinates": [-83.68724245955, 32.905905361091]}}, {"type": "Feature", "properties": {"name": "Methodist Home for Children & Youth", "bucket": "tier1_micro_basic", "sector": "62"}, "geometry": {"type": "Point", "coordinates": [-83.662513682193, 32.850890112589]}}, {"type": "Feature", "properties": {"name": "Middle Georgia Consortium, Inc.", "bucket": "tier1_micro_basic", "sector": "unclassified"}, "geometry": {"type": "Point", "coordinates": [-83.684237087949, 32.61385549342]}}, {"type": "Feature", "properties": {"name": "Girl Scouts of Historic GA, Inc.", "bucket": "tier1_micro_basic", "sector": "unclassified"}, "geometry": {"type": "Point", "coordinates": [-83.775010115475, 32.807062491859]}}, {"type": "Feature", "properties": {"name": "Midwestern Industries", "bucket": "tier1_micro_basic", "sector": "31"}, "geometry": {"type": "Point", "coordinates": [-83.666466293505, 32.702405050895]}}, {"type": "Feature", "properties": {"name": "Minton Lawn & Garden", "bucket": "tier1_micro_basic", "sector": "23"}, "geometry": {"type": "Point", "coordinates": [-83.66597784618, 32.783658218929]}}, {"type": "Feature", "properties": {"name": "Mount De Sales Academy", "bucket": "tier1_micro_basic", "sector": "61"}, "geometry": {"type": "Point", "coordinates": [-83.63924961339, 32.834271814236]}}, {"type": "Feature", "properties": {"name": "Mulberry Street Investment Company", "bucket": "tier1_micro_basic", "sector": "53"}, "geometry": {"type": "Point", "coordinates": [-83.627311312065, 32.837764661374]}}, {"type": "Feature", "properties": {"name": "Murphey, Taylor & Ellis Comm. Real Estate", "bucket": "tier1_micro_basic", "sector": "53"}, "geometry": {"type": "Point", "coordinates": [-83.674301633771, 32.85038455731]}}, {"type": "Feature", "properties": {"name": "Museum of Arts & Sciences", "bucket": "tier1_micro_basic", "sector": "71"}, "geometry": {"type": "Point", "coordinates": [-83.695371457667, 32.866772023339]}}, {"type": "Feature", "properties": {"name": "The Mutual Financial Group", "bucket": "tier1_micro_basic", "sector": "52"}, "geometry": {"type": "Point", "coordinates": [-83.641236717191, 32.840743265705]}}, {"type": "Feature", "properties": {"name": "NewTown Macon, Inc.", "bucket": "tier3_community", "sector": "unclassified"}, "geometry": {"type": "Point", "coordinates": [-83.629550032183, 32.83479866719]}}, {"type": "Feature", "properties": {"name": "Ocmulgee Mounds National Historical Park", "bucket": "tier1_micro_basic", "sector": "71"}, "geometry": {"type": "Point", "coordinates": [-83.604493919286, 32.84807341838]}}, {"type": "Feature", "properties": {"name": "NBP Engineers, Inc.", "bucket": "tier2_catalyst", "sector": "54"}, "geometry": {"type": "Point", "coordinates": [-83.709945272078, 32.928518697142]}}, {"type": "Feature", "properties": {"name": "H2 Capital, Inc.", "bucket": "tier1_micro_basic", "sector": "52"}, "geometry": {"type": "Point", "coordinates": [-83.626894190008, 32.839198408166]}}, {"type": "Feature", "properties": {"name": "Panaprint, Inc.", "bucket": "tier1_micro_basic", "sector": "31"}, "geometry": {"type": "Point", "coordinates": [-83.670984815409, 32.692412878791]}}, {"type": "Feature", "properties": {"name": "The Peyton Anderson Foundation", "bucket": "tier4_regional_stakeholder", "sector": "unclassified"}, "geometry": {"type": "Point", "coordinates": [-83.627311312065, 32.837764661374]}}, {"type": "Feature", "properties": {"name": "Piedmont Construction Group, Inc.", "bucket": "tier2_catalyst", "sector": "23"}, "geometry": {"type": "Point", "coordinates": [-83.709737092155, 32.927847808157]}}, {"type": "Feature", "properties": {"name": "Pilot International", "bucket": "tier1_micro_basic", "sector": "unclassified"}, "geometry": {"type": "Point", "coordinates": [-83.731479830004, 32.940172418846]}}, {"type": "Feature", "properties": {"name": "Freudenberg Performance Materials Macon", "bucket": "tier5_driver_investor", "sector": "31"}, "geometry": {"type": "Point", "coordinates": [-83.645610458486, 32.77603785737]}}, {"type": "Feature", "properties": {"name": "Prince Service & Manufacturing", "bucket": "tier4_regional_stakeholder", "sector": "31"}, "geometry": {"type": "Point", "coordinates": [-83.654665041123, 32.727319526778]}}, {"type": "Feature", "properties": {"name": "Public Service Telephone Co.", "bucket": "tier2_catalyst", "sector": "51"}, "geometry": {"type": "Point", "coordinates": [-84.096227142668, 32.557739617098]}}, {"type": "Feature", "properties": {"name": "Pyles Plumbing & Utility Contractors, Inc.", "bucket": "tier5_driver_investor", "sector": "23"}, "geometry": {"type": "Point", "coordinates": [-83.673115244429, 32.840284598276]}}, {"type": "Feature", "properties": {"name": "Raffield Tire Masters, Inc.", "bucket": "tier2_catalyst", "sector": "81"}, "geometry": {"type": "Point", "coordinates": [-83.682091798784, 32.892918070525]}}, {"type": "Feature", "properties": {"name": "Reeves Construction Company", "bucket": "tier5_driver_investor", "sector": "23"}, "geometry": {"type": "Point", "coordinates": [-83.602063555838, 32.885402153997]}}, {"type": "Feature", "properties": {"name": "Residence Inn by Marriott", "bucket": "tier1_micro_basic", "sector": "72"}, "geometry": {"type": "Point", "coordinates": [-83.687130402496, 32.905183238149]}}, {"type": "Feature", "properties": {"name": "Reynolds, Horne & Survant", "bucket": "tier2_catalyst", "sector": "54"}, "geometry": {"type": "Point", "coordinates": [-83.759054827979, 32.873082328166]}}, {"type": "Feature", "properties": {"name": "River North Country Club", "bucket": "tier2_catalyst", "sector": "71"}, "geometry": {"type": "Point", "coordinates": [-83.660057710621, 32.942433385419]}}, {"type": "Feature", "properties": {"name": "Robins Financial Credit Union", "bucket": "tier3_community", "sector": "52"}, "geometry": {"type": "Point", "coordinates": [-83.709723710789, 32.826485760044]}}, {"type": "Feature", "properties": {"name": "Rutherford Trophies Inc.", "bucket": "tier1_micro_basic", "sector": "44"}, "geometry": {"type": "Point", "coordinates": [-83.666639046802, 32.784774631622]}}, {"type": "Feature", "properties": {"name": "Saddle Creek Corporation", "bucket": "tier5_driver_investor", "sector": "48"}, "geometry": {"type": "Point", "coordinates": [-83.564488132025, 32.795868134507]}}, {"type": "Feature", "properties": {"name": "St. Paul Apartments", "bucket": "tier1_micro_basic", "sector": "62"}, "geometry": {"type": "Point", "coordinates": [-83.642480900972, 32.837012060046]}}, {"type": "Feature", "properties": {"name": "SCANA Energy", "bucket": "tier2_catalyst", "sector": "22"}, "geometry": {"type": "Point", "coordinates": [-84.365717670225, 33.849020466793]}}, {"type": "Feature", "properties": {"name": "Schell Acoustical & Drywall Company", "bucket": "tier1_micro_basic", "sector": "23"}, "geometry": {"type": "Point", "coordinates": [-83.566125826341, 32.878127515213]}}, {"type": "Feature", "properties": {"name": "L. E. Schwartz & Son, Inc.", "bucket": "tier3_community", "sector": "23"}, "geometry": {"type": "Point", "coordinates": [-83.638042902087, 32.817404118154]}}, {"type": "Feature", "properties": {"name": "Huntington Bank", "bucket": "tier4_regional_stakeholder", "sector": "52"}, "geometry": {"type": "Point", "coordinates": [-83.693947366197, 32.866098138428]}}, {"type": "Feature", "properties": {"name": "Huntington Bank", "bucket": "additional_listing", "sector": "52"}, "geometry": {"type": "Point", "coordinates": [-83.708677097517, 32.816550560599]}}, {"type": "Feature", "properties": {"name": "Huntington Bank", "bucket": "additional_listing", "sector": "52"}, "geometry": {"type": "Point", "coordinates": [-83.613522088497, 32.859654026197]}}, {"type": "Feature", "properties": {"name": "Huntington Bank", "bucket": "additional_listing", "sector": "52"}, "geometry": {"type": "Point", "coordinates": [-83.628419843547, 32.84011720196]}}, {"type": "Feature", "properties": {"name": "Huntington Bank", "bucket": "additional_listing", "sector": "52"}, "geometry": {"type": "Point", "coordinates": [-83.713406286025, 32.742648732879]}}, {"type": "Feature", "properties": {"name": "Sheridan Construction", "bucket": "tier5_driver_investor", "sector": "23"}, "geometry": {"type": "Point", "coordinates": [-83.639797666603, 32.848777657868]}}, {"type": "Feature", "properties": {"name": "Sheridan, Solomon & Associates, LLC", "bucket": "tier1_micro_basic", "sector": "53"}, "geometry": {"type": "Point", "coordinates": [-83.663313056725, 32.874095558691]}}, {"type": "Feature", "properties": {"name": "Midtowne Mortgage, LLC", "bucket": "tier1_micro_basic", "sector": "52"}, "geometry": {"type": "Point", "coordinates": [-83.663255939658, 32.874026758577]}}, {"type": "Feature", "properties": {"name": "Smiley's Flea Market", "bucket": "tier1_micro_basic", "sector": "44"}, "geometry": {"type": "Point", "coordinates": [-83.654397123745, 32.724636343652]}}, {"type": "Feature", "properties": {"name": "Snow's Memorial Chapel", "bucket": "tier1_micro_basic", "sector": "81"}, "geometry": {"type": "Point", "coordinates": [-83.740400964427, 32.922583618601]}}, {"type": "Feature", "properties": {"name": "AT&T", "bucket": "tier3_community", "sector": "51"}, "geometry": {"type": "Point", "coordinates": [-83.635294447812, 32.840873222707]}}, {"type": "Feature", "properties": {"name": "Southern Safety Supply Company", "bucket": "tier1_micro_basic", "sector": "42"}, "geometry": {"type": "Point", "coordinates": [-83.640066275224, 32.816002390874]}}, {"type": "Feature", "properties": {"name": "Audio Visual Services", "bucket": "tier1_micro_basic", "sector": "54"}, "geometry": {"type": "Point", "coordinates": [-83.627880999114, 32.814869134032]}}, {"type": "Feature", "properties": {"name": "Stratford Academy", "bucket": "tier3_community", "sector": "61"}, "geometry": {"type": "Point", "coordinates": [-83.750952706568, 32.860860744105]}}, {"type": "Feature", "properties": {"name": "Stone and Baxter, LLP", "bucket": "tier1_micro_basic", "sector": "54"}, "geometry": {"type": "Point", "coordinates": [-83.629700229963, 32.833421191566]}}, {"type": "Feature", "properties": {"name": "The Summit Group", "bucket": "tier1_micro_basic", "sector": "53"}, "geometry": {"type": "Point", "coordinates": [-83.691848627669, 32.911846059835]}}, {"type": "Feature", "properties": {"name": "FusionPoint", "bucket": "tier1_micro_basic", "sector": "54"}, "geometry": {"type": "Point", "coordinates": [-83.742663188856, 32.833948861296]}}, {"type": "Feature", "properties": {"name": "Tattnall Square Academy", "bucket": "tier1_micro_basic", "sector": "61"}, "geometry": {"type": "Point", "coordinates": [-83.718527068193, 32.893017022559]}}, {"type": "Feature", "properties": {"name": "Dr. Larry V. Thigpen, D.D.S.", "bucket": "tier1_micro_basic", "sector": "62"}, "geometry": {"type": "Point", "coordinates": [-83.673424248144, 32.849611622234]}}, {"type": "Feature", "properties": {"name": "Third Wave Digital", "bucket": "tier1_micro_basic", "sector": "54"}, "geometry": {"type": "Point", "coordinates": [-83.628020008602, 32.840598892827]}}, {"type": "Feature", "properties": {"name": "Thornton Realty Company", "bucket": "tier1_micro_basic", "sector": "53"}, "geometry": {"type": "Point", "coordinates": [-83.631274018417, 32.835706005253]}}, {"type": "Feature", "properties": {"name": "Tidwell & Hilburn Insurance, Inc.", "bucket": "tier1_micro_basic", "sector": "52"}, "geometry": {"type": "Point", "coordinates": [-83.729558589668, 32.883006390753]}}, {"type": "Feature", "properties": {"name": "Trading Post Moving & Storage", "bucket": "tier1_micro_basic", "sector": "48"}, "geometry": {"type": "Point", "coordinates": [-83.735877754206, 32.802110736554]}}, {"type": "Feature", "properties": {"name": "Tri-County E.M.C.", "bucket": "tier2_catalyst", "sector": "22"}, "geometry": {"type": "Point", "coordinates": [-83.526451029806, 33.012909388763]}}, {"type": "Feature", "properties": {"name": "Triangle Chemical Company", "bucket": "tier1_micro_basic", "sector": "31"}, "geometry": {"type": "Point", "coordinates": [-83.730437376924, 32.937601485973]}}, {"type": "Feature", "properties": {"name": "Truck and Trailer of Macon, Inc.", "bucket": "tier1_micro_basic", "sector": "81"}, "geometry": {"type": "Point", "coordinates": [-83.659690237833, 32.741240873168]}}, {"type": "Feature", "properties": {"name": "Truist Bank", "bucket": "tier4_regional_stakeholder", "sector": "52"}, "geometry": {"type": "Point", "coordinates": [-83.62917630555, 32.836608755869]}}, {"type": "Feature", "properties": {"name": "Truist Bank", "bucket": "additional_listing", "sector": "52"}, "geometry": {"type": "Point", "coordinates": [-83.673298003635, 32.886084550373]}}, {"type": "Feature", "properties": {"name": "Truist Bank", "bucket": "additional_listing", "sector": "52"}, "geometry": {"type": "Point", "coordinates": [-83.695752192991, 32.821001911561]}}, {"type": "Feature", "properties": {"name": "Truist Bank", "bucket": "additional_listing", "sector": "52"}, "geometry": {"type": "Point", "coordinates": [-83.75875998491, 32.879807071866]}}, {"type": "Feature", "properties": {"name": "Truist Bank", "bucket": "additional_listing", "sector": "52"}, "geometry": {"type": "Point", "coordinates": [-83.617492738195, 32.855774128014]}}, {"type": "Feature", "properties": {"name": "Truist Bank", "bucket": "additional_listing", "sector": "52"}, "geometry": {"type": "Point", "coordinates": [-83.665871671844, 32.798123733304]}}, {"type": "Feature", "properties": {"name": "Tubman African American Museum", "bucket": "tier1_micro_basic", "sector": "71"}, "geometry": {"type": "Point", "coordinates": [-83.625229924731, 32.834226923419]}}, {"type": "Feature", "properties": {"name": "United Way of Central Georgia", "bucket": "tier1_micro_basic", "sector": "unclassified"}, "geometry": {"type": "Point", "coordinates": [-83.623567848447, 32.835573719524]}}, {"type": "Feature", "properties": {"name": "FOX 24/ABC16 WGXA - Sinclair Communications, LLC", "bucket": "tier2_catalyst", "sector": "51"}, "geometry": {"type": "Point", "coordinates": [-83.627667432624, 32.83281136194]}}, {"type": "Feature", "properties": {"name": "13 WMAZ - TV", "bucket": "tier3_community", "sector": "51"}, "geometry": {"type": "Point", "coordinates": [-83.614698389274, 32.860124563265]}}, {"type": "Feature", "properties": {"name": "WMGT 41NBC", "bucket": "tier2_catalyst", "sector": "51"}, "geometry": {"type": "Point", "coordinates": [-83.625519999376, 32.832568506029]}}, {"type": "Feature", "properties": {"name": "Oakbridge Insurance Agency", "bucket": "tier5_driver_investor", "sector": "52"}, "geometry": {"type": "Point", "coordinates": [-83.630692677615, 32.84148714407]}}, {"type": "Feature", "properties": {"name": "John R. Walker, Inc.", "bucket": "tier1_micro_basic", "sector": "23"}, "geometry": {"type": "Point", "coordinates": [-83.727935329103, 32.833086481831]}}, {"type": "Feature", "properties": {"name": "Walsh Honda", "bucket": "tier2_catalyst", "sector": "44"}, "geometry": {"type": "Point", "coordinates": [-83.68396931254, 32.814667831926]}}, {"type": "Feature", "properties": {"name": "Walthall Oil Company", "bucket": "tier2_catalyst", "sector": "31"}, "geometry": {"type": "Point", "coordinates": [-83.662300153203, 32.741161459945]}}, {"type": "Feature", "properties": {"name": "Warno-Cam Paint Company, Inc. - Benjamin Moore Paints", "bucket": "tier1_micro_basic", "sector": "44"}, "geometry": {"type": "Point", "coordinates": [-83.656816071373, 32.853798730886]}}, {"type": "Feature", "properties": {"name": "Warren Associates, Inc.", "bucket": "tier1_micro_basic", "sector": "23"}, "geometry": {"type": "Point", "coordinates": [-83.66677711086, 32.843320415559]}}, {"type": "Feature", "properties": {"name": "Wesleyan College", "bucket": "tier3_community", "sector": "61"}, "geometry": {"type": "Point", "coordinates": [-83.718122158132, 32.877556022329]}}, {"type": "Feature", "properties": {"name": "First Quality", "bucket": "tier3_community", "sector": "31"}, "geometry": {"type": "Point", "coordinates": [-83.633914482285, 32.683303822387]}}, {"type": "Feature", "properties": {"name": "WM2A Architects", "bucket": "tier1_micro_basic", "sector": "54"}, "geometry": {"type": "Point", "coordinates": [-83.62933280468, 32.837221625911]}}, {"type": "Feature", "properties": {"name": "Ambassador Personnel, Inc.", "bucket": "tier1_micro_basic", "sector": "56"}, "geometry": {"type": "Point", "coordinates": [-83.736862781114, 32.926164636631]}}, {"type": "Feature", "properties": {"name": "YKK", "bucket": "tier5_driver_investor", "sector": "31"}, "geometry": {"type": "Point", "coordinates": [-83.537067617731, 32.822114917412]}}, {"type": "Feature", "properties": {"name": "Butler Chevrolet", "bucket": "tier1_micro_basic", "sector": "44"}, "geometry": {"type": "Point", "coordinates": [-83.645447110709, 32.856287827363]}}, {"type": "Feature", "properties": {"name": "Adams, Hemingway, Wilson & Rutledge, LLC", "bucket": "tier1_micro_basic", "sector": "54"}, "geometry": {"type": "Point", "coordinates": [-83.627272079228, 32.837289870657]}}, {"type": "Feature", "properties": {"name": "Builder Sales & Services, Inc.", "bucket": "tier1_micro_basic", "sector": "23"}, "geometry": {"type": "Point", "coordinates": [-83.729235777138, 32.825497162729]}}, {"type": "Feature", "properties": {"name": "Casteel Construction", "bucket": "tier1_micro_basic", "sector": "23"}, "geometry": {"type": "Point", "coordinates": [-83.74759941154, 32.809746269737]}}, {"type": "Feature", "properties": {"name": "Mercer Medicine", "bucket": "additional_listing", "sector": "62"}, "geometry": {"type": "Point", "coordinates": [-83.648975434726, 32.828639774055]}}, {"type": "Feature", "properties": {"name": "Otis Redding Museum", "bucket": "tier1_micro_basic", "sector": "unclassified"}, "geometry": {"type": "Point", "coordinates": [-83.630226890417, 32.836944173052]}}, {"type": "Feature", "properties": {"name": "Mr. Electric", "bucket": "tier1_micro_basic", "sector": "23"}, "geometry": {"type": "Point", "coordinates": [-83.72509605033, 32.831143883401]}}, {"type": "Feature", "properties": {"name": "Jim Shaw's Seafood Restaurant", "bucket": "additional_listing", "sector": "72"}, "geometry": {"type": "Point", "coordinates": [-83.673522961079, 32.849532539385]}}, {"type": "Feature", "properties": {"name": "Middle Georgia Graphic Resource, Inc", "bucket": "tier1_micro_basic", "sector": "31"}, "geometry": {"type": "Point", "coordinates": [-83.630887806168, 32.842524726824]}}, {"type": "Feature", "properties": {"name": "Sphinx, Inc.", "bucket": "tier1_micro_basic", "sector": "31"}, "geometry": {"type": "Point", "coordinates": [-83.649112915947, 32.71069836835]}}, {"type": "Feature", "properties": {"name": "Renfroe Construction", "bucket": "tier1_micro_basic", "sector": "23"}, "geometry": {"type": "Point", "coordinates": [-83.736070093057, 32.798650819269]}}, {"type": "Feature", "properties": {"name": "Office Services Company of Macon, Inc.", "bucket": "tier1_micro_basic", "sector": "42"}, "geometry": {"type": "Point", "coordinates": [-83.635566085769, 32.847362983724]}}, {"type": "Feature", "properties": {"name": "Piedmont Occupational Medicine", "bucket": "tier5_driver_investor", "sector": "62"}, "geometry": {"type": "Point", "coordinates": [-83.624647750195, 32.838929551819]}}, {"type": "Feature", "properties": {"name": "ENT Center of Central Georgia", "bucket": "tier2_catalyst", "sector": "62"}, "geometry": {"type": "Point", "coordinates": [-83.632215619182, 32.830524443205]}}, {"type": "Feature", "properties": {"name": "Central Georgia Health Network", "bucket": "tier1_micro_basic", "sector": "62"}, "geometry": {"type": "Point", "coordinates": [-83.721588822795, 32.936821288417]}}, {"type": "Feature", "properties": {"name": "Grow", "bucket": "tier1_micro_basic", "sector": "72"}, "geometry": {"type": "Point", "coordinates": [-83.632143446933, 32.844482800496]}}, {"type": "Feature", "properties": {"name": "Bashinski Fine Gems & Jewelry, Inc.", "bucket": "tier2_catalyst", "sector": "44"}, "geometry": {"type": "Point", "coordinates": [-83.634960520918, 32.846159789088]}}, {"type": "Feature", "properties": {"name": "St. Peter Claver Catholic School", "bucket": "tier1_micro_basic", "sector": "61"}, "geometry": {"type": "Point", "coordinates": [-83.649588517076, 32.84413362043]}}, {"type": "Feature", "properties": {"name": "O'Mahony Insurance Agency, LLC", "bucket": "tier1_micro_basic", "sector": "52"}, "geometry": {"type": "Point", "coordinates": [-83.670419686709, 32.84761978087]}}, {"type": "Feature", "properties": {"name": "Mills Industrial Construction, Inc.", "bucket": "tier1_micro_basic", "sector": "23"}, "geometry": {"type": "Point", "coordinates": [-83.078465963639, 32.819579412057]}}, {"type": "Feature", "properties": {"name": "Greene & Associates, Inc", "bucket": "tier1_micro_basic", "sector": "23"}, "geometry": {"type": "Point", "coordinates": [-83.66436695214, 32.842127228449]}}, {"type": "Feature", "properties": {"name": "Macon Tent Rentals", "bucket": "tier1_micro_basic", "sector": "53"}, "geometry": {"type": "Point", "coordinates": [-83.583891437457, 32.845611901864]}}, {"type": "Feature", "properties": {"name": "Robins Financial Credit Union", "bucket": "additional_listing", "sector": "52"}, "geometry": {"type": "Point", "coordinates": [-83.703922674077, 32.743989403722]}}, {"type": "Feature", "properties": {"name": "Sonny's BBQ", "bucket": "tier1_micro_basic", "sector": "72"}, "geometry": {"type": "Point", "coordinates": [-83.755183294715, 32.879859026724]}}, {"type": "Feature", "properties": {"name": "Southern Trust", "bucket": "tier2_catalyst", "sector": "52"}, "geometry": {"type": "Point", "coordinates": [-83.718634812626, 32.938385627895]}}, {"type": "Feature", "properties": {"name": "Law Offices of R. Lars Anderson", "bucket": "tier1_micro_basic", "sector": "54"}, "geometry": {"type": "Point", "coordinates": [-83.658897171645, 32.846214184397]}}, {"type": "Feature", "properties": {"name": "Sellers Contracting Services, LLC", "bucket": "tier2_catalyst", "sector": "23"}, "geometry": {"type": "Point", "coordinates": [-83.311061564895, 32.892353785723]}}, {"type": "Feature", "properties": {"name": "The Sanford Company, Inc.", "bucket": "tier1_micro_basic", "sector": "52"}, "geometry": {"type": "Point", "coordinates": [-83.701491219185, 32.870089520468]}}, {"type": "Feature", "properties": {"name": "Patton Albertson & Miller, LLC", "bucket": "tier1_micro_basic", "sector": "52"}, "geometry": {"type": "Point", "coordinates": [-83.619789518104, 32.837036045702]}}, {"type": "Feature", "properties": {"name": "Macon Volunteer Clinic", "bucket": "tier1_micro_basic", "sector": "62"}, "geometry": {"type": "Point", "coordinates": [-83.629423691839, 32.840724956256]}}, {"type": "Feature", "properties": {"name": "Historic Riverside Cemetery Conservancy", "bucket": "tier1_micro_basic", "sector": "81"}, "geometry": {"type": "Point", "coordinates": [-83.63900203668, 32.848841323476]}}, {"type": "Feature", "properties": {"name": "Pediatric Care of Macon, LLC", "bucket": "tier1_micro_basic", "sector": "62"}, "geometry": {"type": "Point", "coordinates": [-83.690410240693, 32.864978740615]}}, {"type": "Feature", "properties": {"name": "Layson Advisory Group", "bucket": "tier3_community", "sector": "52"}, "geometry": {"type": "Point", "coordinates": [-83.730412953904, 32.937007009891]}}, {"type": "Feature", "properties": {"name": "Northwestern Mutual Central Georgia", "bucket": "tier2_catalyst", "sector": "52"}, "geometry": {"type": "Point", "coordinates": [-83.68724245955, 32.905905361091]}}, {"type": "Feature", "properties": {"name": "Middle Georgia Regional Airport", "bucket": "tier3_community", "sector": "48"}, "geometry": {"type": "Point", "coordinates": [-83.651328505998, 32.701868027485]}}, {"type": "Feature", "properties": {"name": "Macon Rehabilitation and Healthcare Center", "bucket": "tier1_micro_basic", "sector": "62"}, "geometry": {"type": "Point", "coordinates": [-83.616711963169, 32.846575280301]}}, {"type": "Feature", "properties": {"name": "SERVPRO of Macon", "bucket": "tier1_micro_basic", "sector": "23"}, "geometry": {"type": "Point", "coordinates": [-83.57251537482, 32.805724073153]}}, {"type": "Feature", "properties": {"name": "Amanda Jane Salon", "bucket": "tier1_micro_basic", "sector": "81"}, "geometry": {"type": "Point", "coordinates": [-83.695702093919, 32.867114091026]}}, {"type": "Feature", "properties": {"name": "Shred-cycle, Inc.", "bucket": "tier1_micro_basic", "sector": "56"}, "geometry": {"type": "Point", "coordinates": [-82.864381999031, 32.577074480437]}}, {"type": "Feature", "properties": {"name": "Elite Flooring Contractors", "bucket": "tier1_micro_basic", "sector": "23"}, "geometry": {"type": "Point", "coordinates": [-83.631586921785, 32.833444550839]}}, {"type": "Feature", "properties": {"name": "Regency Hospital Macon", "bucket": "tier5_driver_investor", "sector": "62"}, "geometry": {"type": "Point", "coordinates": [-83.616632645595, 32.847036004299]}}, {"type": "Feature", "properties": {"name": "Shadow Sound Studio", "bucket": "tier1_micro_basic", "sector": "54"}, "geometry": {"type": "Point", "coordinates": [-83.628359602717, 32.834962332122]}}, {"type": "Feature", "properties": {"name": "John S. & James L. Knight Foundation", "bucket": "tier1_micro_basic", "sector": "unclassified"}, "geometry": {"type": "Point", "coordinates": [-83.634823852059, 32.836065779971]}}, {"type": "Feature", "properties": {"name": "Community Health Systems", "bucket": "tier1_micro_basic", "sector": "62"}, "geometry": {"type": "Point", "coordinates": [-83.62554493233, 32.838295110737]}}, {"type": "Feature", "properties": {"name": "Vineville Internal Medicine", "bucket": "tier2_catalyst", "sector": "62"}, "geometry": {"type": "Point", "coordinates": [-83.681859719434, 32.857052797632]}}, {"type": "Feature", "properties": {"name": "The Progressive Group", "bucket": "tier5_driver_investor", "sector": "54"}, "geometry": {"type": "Point", "coordinates": [-83.711746830326, 32.925425347585]}}, {"type": "Feature", "properties": {"name": "Fish N' Pig", "bucket": "tier1_micro_basic", "sector": "72"}, "geometry": {"type": "Point", "coordinates": [-83.769928646901, 32.831259354271]}}, {"type": "Feature", "properties": {"name": "MidSouth Community FCU", "bucket": "additional_listing", "sector": "52"}, "geometry": {"type": "Point", "coordinates": [-83.677370908621, 32.746602392741]}}, {"type": "Feature", "properties": {"name": "Higginbotham Insurance Agency, Inc.", "bucket": "tier1_micro_basic", "sector": "52"}, "geometry": {"type": "Point", "coordinates": [-83.679444544791, 32.854774362505]}}, {"type": "Feature", "properties": {"name": "Robins Financial Credit Union", "bucket": "additional_listing", "sector": "52"}, "geometry": {"type": "Point", "coordinates": [-83.760797463926, 32.879937015616]}}, {"type": "Feature", "properties": {"name": "Mayer Electric Supply", "bucket": "tier1_micro_basic", "sector": "31"}, "geometry": {"type": "Point", "coordinates": [-83.629306182546, 32.822044466616]}}, {"type": "Feature", "properties": {"name": "Russell G. O'Neal, MD. LLC", "bucket": "tier1_micro_basic", "sector": "62"}, "geometry": {"type": "Point", "coordinates": [-83.721511511296, 32.936598769833]}}, {"type": "Feature", "properties": {"name": "Jack's Saw Shop, Inc.", "bucket": "tier1_micro_basic", "sector": "44"}, "geometry": {"type": "Point", "coordinates": [-83.754610049053, 32.844368915152]}}, {"type": "Feature", "properties": {"name": "Ace Hardware - Riverside", "bucket": "tier1_micro_basic", "sector": "44"}, "geometry": {"type": "Point", "coordinates": [-83.683673321782, 32.898644174292]}}, {"type": "Feature", "properties": {"name": "California Cereal Products, Inc", "bucket": "tier2_catalyst", "sector": "31"}, "geometry": {"type": "Point", "coordinates": [-83.639071442787, 32.784130349437]}}, {"type": "Feature", "properties": {"name": "Nichiha USA", "bucket": "tier5_driver_investor", "sector": "31"}, "geometry": {"type": "Point", "coordinates": [-83.676948943998, 32.691759593832]}}, {"type": "Feature", "properties": {"name": "SP Design Group, Inc.", "bucket": "tier1_micro_basic", "sector": "23"}, "geometry": {"type": "Point", "coordinates": [-83.732185567829, 32.816220832595]}}, {"type": "Feature", "properties": {"name": "Griffin Animal Hospital", "bucket": "tier1_micro_basic", "sector": "54"}, "geometry": {"type": "Point", "coordinates": [-83.663917865977, 32.780076570422]}}, {"type": "Feature", "properties": {"name": "Rookery", "bucket": "additional_listing", "sector": "72"}, "geometry": {"type": "Point", "coordinates": [-83.62817994321, 32.836134502167]}}, {"type": "Feature", "properties": {"name": "MBG Office Systems", "bucket": "tier1_micro_basic", "sector": "42"}, "geometry": {"type": "Point", "coordinates": [-83.672952666643, 32.84577117402]}}, {"type": "Feature", "properties": {"name": "Center Parc Credit Union", "bucket": "tier1_micro_basic", "sector": "52"}, "geometry": {"type": "Point", "coordinates": [-83.691168287534, 32.86413336037]}}, {"type": "Feature", "properties": {"name": "Georgia Aquarium, Inc", "bucket": "tier1_micro_basic", "sector": "71"}, "geometry": {"type": "Point", "coordinates": [-84.394783753091, 33.76235385876]}}, {"type": "Feature", "properties": {"name": "SD Polymers", "bucket": "tier1_micro_basic", "sector": "31"}, "geometry": {"type": "Point", "coordinates": [-83.647164619098, 32.780089554354]}}, {"type": "Feature", "properties": {"name": "Capitol Theatre Macon", "bucket": "additional_listing", "sector": "71"}, "geometry": {"type": "Point", "coordinates": [-83.628768435449, 32.836772585087]}}, {"type": "Feature", "properties": {"name": "American Pride Bank", "bucket": "tier3_community", "sector": "52"}, "geometry": {"type": "Point", "coordinates": [-83.707750326096, 32.815285550016]}}, {"type": "Feature", "properties": {"name": "Choice Premiums", "bucket": "tier1_micro_basic", "sector": "31"}, "geometry": {"type": "Point", "coordinates": [-83.641016259439, 32.838894550395]}}, {"type": "Feature", "properties": {"name": "SA Recycling", "bucket": "tier1_micro_basic", "sector": "56"}, "geometry": {"type": "Point", "coordinates": [-83.654703403199, 32.781046391159]}}, {"type": "Feature", "properties": {"name": "First Choice Primary Care", "bucket": "tier1_micro_basic", "sector": "62"}, "geometry": {"type": "Point", "coordinates": [-83.627276789058, 32.833294949885]}}, {"type": "Feature", "properties": {"name": "ABC Supply Co. Inc.", "bucket": "tier1_micro_basic", "sector": "23"}, "geometry": {"type": "Point", "coordinates": [-83.65145365648, 32.702431542457]}}, {"type": "Feature", "properties": {"name": "AT&T Store - Mercer University", "bucket": "additional_listing", "sector": "44"}, "geometry": {"type": "Point", "coordinates": [-83.654084718424, 32.8256364717]}}, {"type": "Feature", "properties": {"name": "Fountain of Juice", "bucket": "tier1_micro_basic", "sector": "72"}, "geometry": {"type": "Point", "coordinates": [-83.692296792682, 32.865006330889]}}, {"type": "Feature", "properties": {"name": "Candlewood Suites", "bucket": "tier1_micro_basic", "sector": "72"}, "geometry": {"type": "Point", "coordinates": [-83.682613111858, 32.902998255306]}}, {"type": "Feature", "properties": {"name": "Homewood Suites by Hilton", "bucket": "tier1_micro_basic", "sector": "72"}, "geometry": {"type": "Point", "coordinates": [-83.737474886018, 32.925972634026]}}, {"type": "Feature", "properties": {"name": "Macon Marriott City Center", "bucket": "tier5_driver_investor", "sector": "72"}, "geometry": {"type": "Point", "coordinates": [-83.617778052994, 32.84228837993]}}, {"type": "Feature", "properties": {"name": "Stifel Nicolaus Company", "bucket": "tier1_micro_basic", "sector": "52"}, "geometry": {"type": "Point", "coordinates": [-83.627311312065, 32.837764661374]}}, {"type": "Feature", "properties": {"name": "Robins Financial Credit Union", "bucket": "additional_listing", "sector": "52"}, "geometry": {"type": "Point", "coordinates": [-83.626537494129, 32.83729933516]}}, {"type": "Feature", "properties": {"name": "Two Men And A Truck", "bucket": "tier1_micro_basic", "sector": "48"}, "geometry": {"type": "Point", "coordinates": [-83.735586582941, 32.8293600371]}}, {"type": "Feature", "properties": {"name": "Magnolia Manor", "bucket": "tier1_micro_basic", "sector": "62"}, "geometry": {"type": "Point", "coordinates": [-83.662503662482, 32.850041256844]}}, {"type": "Feature", "properties": {"name": "The Big House Foundation, Inc.", "bucket": "tier1_micro_basic", "sector": "71"}, "geometry": {"type": "Point", "coordinates": [-83.65591346051, 32.845744707534]}}, {"type": "Feature", "properties": {"name": "Parrish Construction Group", "bucket": "tier5_driver_investor", "sector": "23"}, "geometry": {"type": "Point", "coordinates": [-83.772435821993, 32.458080411364]}}, {"type": "Feature", "properties": {"name": "Mercer Advisors", "bucket": "tier1_micro_basic", "sector": "52"}, "geometry": {"type": "Point", "coordinates": [-83.745217549421, 32.943189613534]}}, {"type": "Feature", "properties": {"name": "SpringHill Suites by Marriott", "bucket": "tier1_micro_basic", "sector": "72"}, "geometry": {"type": "Point", "coordinates": [-83.706380545828, 32.919801178796]}}, {"type": "Feature", "properties": {"name": "Bug House Pest Control", "bucket": "tier1_micro_basic", "sector": "56"}, "geometry": {"type": "Point", "coordinates": [-83.685488590024, 32.860560303407]}}, {"type": "Feature", "properties": {"name": "Jani-King of Macon", "bucket": "tier1_micro_basic", "sector": "56"}, "geometry": {"type": "Point", "coordinates": [-83.627272079228, 32.837289870657]}}, {"type": "Feature", "properties": {"name": "Clark General Dentistry Center", "bucket": "tier1_micro_basic", "sector": "62"}, "geometry": {"type": "Point", "coordinates": [-83.648533207875, 32.840900606672]}}, {"type": "Feature", "properties": {"name": "MidSouth Community FCU", "bucket": "additional_listing", "sector": "52"}, "geometry": {"type": "Point", "coordinates": [-83.659328982899, 32.838070444998]}}, {"type": "Feature", "properties": {"name": "Miller-Motte College", "bucket": "tier1_micro_basic", "sector": "61"}, "geometry": {"type": "Point", "coordinates": [-83.688802431679, 32.898923013787]}}, {"type": "Feature", "properties": {"name": "Habersham Enterprises", "bucket": "tier2_catalyst", "sector": "54"}, "geometry": {"type": "Point", "coordinates": [-83.634132203489, 32.835774013004]}}, {"type": "Feature", "properties": {"name": "Central Georgia CASA, Inc.", "bucket": "tier1_micro_basic", "sector": "unclassified"}, "geometry": {"type": "Point", "coordinates": [-83.696063707776, 32.897906400317]}}, {"type": "Feature", "properties": {"name": "Excess Incorporated", "bucket": "tier1_micro_basic", "sector": "42"}, "geometry": {"type": "Point", "coordinates": [-83.533387951571, 32.804161493359]}}, {"type": "Feature", "properties": {"name": "Robins Regional Chamber", "bucket": "tier3_community", "sector": "unclassified"}, "geometry": {"type": "Point", "coordinates": [-83.618913522092, 32.618304989309]}}, {"type": "Feature", "properties": {"name": "American Pride Bank", "bucket": "additional_listing", "sector": "52"}, "geometry": {"type": "Point", "coordinates": [-83.702555087817, 32.870781139556]}}, {"type": "Feature", "properties": {"name": "M&R Marketing Group", "bucket": "tier1_micro_basic", "sector": "54"}, "geometry": {"type": "Point", "coordinates": [-83.626976423523, 32.836598598672]}}, {"type": "Feature", "properties": {"name": "Spivey Pope Green, LLC", "bucket": "tier1_micro_basic", "sector": "54"}, "geometry": {"type": "Point", "coordinates": [-83.711746830326, 32.925425347585]}}, {"type": "Feature", "properties": {"name": "Texas Roadhouse", "bucket": "tier1_micro_basic", "sector": "72"}, "geometry": {"type": "Point", "coordinates": [-83.713976046306, 32.929498702275]}}, {"type": "Feature", "properties": {"name": "UGA Small Business Development Center", "bucket": "tier3_community", "sector": "unclassified"}, "geometry": {"type": "Point", "coordinates": [-83.711746830326, 32.925425347585]}}, {"type": "Feature", "properties": {"name": "Macon Urban Ministries", "bucket": "tier1_micro_basic", "sector": "54"}, "geometry": {"type": "Point", "coordinates": [-83.661838810667, 32.834892100769]}}, {"type": "Feature", "properties": {"name": "Sunbelt Credit", "bucket": "tier1_micro_basic", "sector": "52"}, "geometry": {"type": "Point", "coordinates": [-83.670921285965, 32.791587545376]}}, {"type": "Feature", "properties": {"name": "Renasant Bank", "bucket": "tier3_community", "sector": "52"}, "geometry": {"type": "Point", "coordinates": [-83.725998357166, 32.881139320328]}}, {"type": "Feature", "properties": {"name": "MidSouth Community FCU", "bucket": "additional_listing", "sector": "52"}, "geometry": {"type": "Point", "coordinates": [-83.73037806009, 32.928980771943]}}, {"type": "Feature", "properties": {"name": "Keep Macon-Bibb Beautiful Commission", "bucket": "tier1_micro_basic", "sector": "unclassified"}, "geometry": {"type": "Point", "coordinates": [-83.63203938112, 32.838340595558]}}, {"type": "Feature", "properties": {"name": "GMFS Mortgage", "bucket": "tier1_micro_basic", "sector": "52"}, "geometry": {"type": "Point", "coordinates": [-83.690164375743, 32.863625525475]}}, {"type": "Feature", "properties": {"name": "Total Computer Solutions", "bucket": "tier5_driver_investor", "sector": "54"}, "geometry": {"type": "Point", "coordinates": [-83.677863788646, 32.614407730596]}}, {"type": "Feature", "properties": {"name": "Raymond James", "bucket": "tier1_micro_basic", "sector": "52"}, "geometry": {"type": "Point", "coordinates": [-83.721664455674, 32.93704300677]}}, {"type": "Feature", "properties": {"name": "Tractor Supply Co. Distribution Center", "bucket": "tier5_driver_investor", "sector": "42"}, "geometry": {"type": "Point", "coordinates": [-83.729157159298, 32.727224500599]}}, {"type": "Feature", "properties": {"name": "B. Turners Macon Mall", "bucket": "tier1_micro_basic", "sector": "44"}, "geometry": {"type": "Point", "coordinates": [-83.694154720999, 32.815835932692]}}, {"type": "Feature", "properties": {"name": "Mo.s Cleaning Services, Inc", "bucket": "tier1_micro_basic", "sector": "56"}, "geometry": {"type": "Point", "coordinates": [-83.628239685793, 32.835103410853]}}, {"type": "Feature", "properties": {"name": "Historic Macon Foundation, Inc.", "bucket": "tier1_micro_basic", "sector": "unclassified"}, "geometry": {"type": "Point", "coordinates": [-83.63289452139, 32.829088512195]}}, {"type": "Feature", "properties": {"name": "Air Conditioning Specialist Inc.", "bucket": "tier1_micro_basic", "sector": "23"}, "geometry": {"type": "Point", "coordinates": [-83.729359529522, 32.826983331479]}}, {"type": "Feature", "properties": {"name": "Dovetail", "bucket": "additional_listing", "sector": "72"}, "geometry": {"type": "Point", "coordinates": [-83.62817994321, 32.836134502167]}}, {"type": "Feature", "properties": {"name": "Harley-Davidson of Macon", "bucket": "tier1_micro_basic", "sector": "44"}, "geometry": {"type": "Point", "coordinates": [-83.72534747747, 32.830775142115]}}, {"type": "Feature", "properties": {"name": "Acres & Oak Kitchen", "bucket": "tier3_community", "sector": "72"}, "geometry": {"type": "Point", "coordinates": [-83.700239357951, 32.869427910652]}}, {"type": "Feature", "properties": {"name": "Wembly at Overlook Apartments", "bucket": "tier1_micro_basic", "sector": "53"}, "geometry": {"type": "Point", "coordinates": [-83.725534388041, 32.937469146856]}}, {"type": "Feature", "properties": {"name": "NECCO", "bucket": "tier1_micro_basic", "sector": "unclassified"}, "geometry": {"type": "Point", "coordinates": [-83.69193797559, 32.904061477864]}}, {"type": "Feature", "properties": {"name": "Apparel Authority", "bucket": "tier3_community", "sector": "31"}, "geometry": {"type": "Point", "coordinates": [-83.686659071946, 32.815930448383]}}, {"type": "Feature", "properties": {"name": "All-State Electrical Contractors, LLC", "bucket": "tier5_driver_investor", "sector": "23"}, "geometry": {"type": "Point", "coordinates": [-83.729250169015, 32.82359318281]}}, {"type": "Feature", "properties": {"name": "Rescom Cabinets, Inc.", "bucket": "tier1_micro_basic", "sector": "23"}, "geometry": {"type": "Point", "coordinates": [-83.678314976349, 32.853924166428]}}, {"type": "Feature", "properties": {"name": "All Wired Up", "bucket": "tier1_micro_basic", "sector": "56"}, "geometry": {"type": "Point", "coordinates": [-83.942652099059, 33.035036569939]}}, {"type": "Feature", "properties": {"name": "Huntington Bank", "bucket": "additional_listing", "sector": "52"}, "geometry": {"type": "Point", "coordinates": [-83.73632711949, 32.926315761673]}}, {"type": "Feature", "properties": {"name": "Meals On Wheels of Middle Georgia", "bucket": "tier1_micro_basic", "sector": "unclassified"}, "geometry": {"type": "Point", "coordinates": [-83.616613900247, 32.85714536449]}}, {"type": "Feature", "properties": {"name": "A-COM Integrated Solutions", "bucket": "tier1_micro_basic", "sector": "56"}, "geometry": {"type": "Point", "coordinates": [-83.690269661253, 32.863549219728]}}, {"type": "Feature", "properties": {"name": "Adams Law Firm", "bucket": "tier1_micro_basic", "sector": "54"}, "geometry": {"type": "Point", "coordinates": [-83.632346966838, 32.841538229292]}}, {"type": "Feature", "properties": {"name": "Georgia CEO", "bucket": "tier3_community", "sector": "51"}, "geometry": {"type": "Point", "coordinates": [-84.222743759974, 31.613462731355]}}, {"type": "Feature", "properties": {"name": "The Bohemian Den", "bucket": "tier1_micro_basic", "sector": "44"}, "geometry": {"type": "Point", "coordinates": [-83.627750001317, 32.835729522454]}}, {"type": "Feature", "properties": {"name": "Huntington Bank", "bucket": "additional_listing", "sector": "52"}, "geometry": {"type": "Point", "coordinates": [-83.759537810901, 32.879804325032]}}, {"type": "Feature", "properties": {"name": "Macon Medical Group, PC", "bucket": "tier1_micro_basic", "sector": "62"}, "geometry": {"type": "Point", "coordinates": [-83.62889996844, 32.831177559396]}}, {"type": "Feature", "properties": {"name": "The Rockefeller Law Center", "bucket": "tier1_micro_basic", "sector": "54"}, "geometry": {"type": "Point", "coordinates": [-83.693633984738, 32.611657820972]}}, {"type": "Feature", "properties": {"name": "Buzzell Plumbing, Heating & AC, Inc.", "bucket": "tier1_micro_basic", "sector": "23"}, "geometry": {"type": "Point", "coordinates": [-83.646796577862, 32.841181084844]}}, {"type": "Feature", "properties": {"name": "Pellicano Construction", "bucket": "tier5_driver_investor", "sector": "23"}, "geometry": {"type": "Point", "coordinates": [-83.711295497149, 32.928097420434]}}, {"type": "Feature", "properties": {"name": "SourceOne Insurance and Benefits Group", "bucket": "tier1_micro_basic", "sector": "52"}, "geometry": {"type": "Point", "coordinates": [-83.6822482045, 32.893378268921]}}, {"type": "Feature", "properties": {"name": "Morris Bank", "bucket": "tier1_micro_basic", "sector": "52"}, "geometry": {"type": "Point", "coordinates": [-83.697951605856, 32.868912202993]}}, {"type": "Feature", "properties": {"name": "Wilson Bryant Air Conditioning", "bucket": "tier2_catalyst", "sector": "23"}, "geometry": {"type": "Point", "coordinates": [-83.629576448829, 32.829871815054]}}, {"type": "Feature", "properties": {"name": "All Care Home Health, LLC", "bucket": "tier3_community", "sector": "62"}, "geometry": {"type": "Point", "coordinates": [-83.675023256453, 32.741403282375]}}, {"type": "Feature", "properties": {"name": "Zaxby's of Middle GA", "bucket": "tier2_catalyst", "sector": "72"}, "geometry": {"type": "Point", "coordinates": [-83.630564462671, 32.843387026792]}}, {"type": "Feature", "properties": {"name": "The Academy For Classical Education", "bucket": "tier5_driver_investor", "sector": "61"}, "geometry": {"type": "Point", "coordinates": [-83.733302884263, 32.93802027232]}}, {"type": "Feature", "properties": {"name": "Ameris Bank", "bucket": "tier2_catalyst", "sector": "52"}, "geometry": {"type": "Point", "coordinates": [-83.711680292428, 32.742094361018]}}, {"type": "Feature", "properties": {"name": "Five Star Credit Union", "bucket": "tier5_driver_investor", "sector": "52"}, "geometry": {"type": "Point", "coordinates": [-83.693329760273, 32.865547284791]}}, {"type": "Feature", "properties": {"name": "Premier Staffing Unlimited", "bucket": "tier1_micro_basic", "sector": "56"}, "geometry": {"type": "Point", "coordinates": [-83.674520929556, 32.742064632055]}}, {"type": "Feature", "properties": {"name": "Mr. Chips, Inc.", "bucket": "tier5_driver_investor", "sector": "31"}, "geometry": {"type": "Point", "coordinates": [-83.554718933228, 32.803250691154]}}, {"type": "Feature", "properties": {"name": "The Next Level Community Development Center", "bucket": "tier1_micro_basic", "sector": "62"}, "geometry": {"type": "Point", "coordinates": [-83.680560518526, 32.696452442692]}}, {"type": "Feature", "properties": {"name": "Portable Air and Power, LLC", "bucket": "tier1_micro_basic", "sector": "23"}, "geometry": {"type": "Point", "coordinates": [-83.723430568179, 32.672336601784]}}, {"type": "Feature", "properties": {"name": "Lisenby & Associates", "bucket": "tier1_micro_basic", "sector": "54"}, "geometry": {"type": "Point", "coordinates": [-83.629454674568, 32.840884891472]}}, {"type": "Feature", "properties": {"name": "ShuBee, Inc.", "bucket": "tier1_micro_basic", "sector": "31"}, "geometry": {"type": "Point", "coordinates": [-83.745462780947, 32.812879070413]}}, {"type": "Feature", "properties": {"name": "Margarita's Mexican Grill - Mercer Village", "bucket": "tier1_micro_basic", "sector": "72"}, "geometry": {"type": "Point", "coordinates": [-83.650382267976, 32.83274780529]}}, {"type": "Feature", "properties": {"name": "Stafford Builders and Consultants, Inc.", "bucket": "tier2_catalyst", "sector": "23"}, "geometry": {"type": "Point", "coordinates": [-83.671817474764, 32.836827223674]}}, {"type": "Feature", "properties": {"name": "Grant's Tire & Auto, LLC", "bucket": "tier1_micro_basic", "sector": "81"}, "geometry": {"type": "Point", "coordinates": [-83.667547033135, 32.879158962164]}}, {"type": "Feature", "properties": {"name": "SCORE Middle Georgia", "bucket": "tier3_community", "sector": "unclassified"}, "geometry": {"type": "Point", "coordinates": [-83.625889969175, 32.832645560733]}}, {"type": "Feature", "properties": {"name": "In-Fill Housing, Inc.", "bucket": "tier1_micro_basic", "sector": "unclassified"}, "geometry": {"type": "Point", "coordinates": [-83.649306585552, 32.823097790122]}}, {"type": "Feature", "properties": {"name": "Houston Transportation Solutions, LLC", "bucket": "tier1_micro_basic", "sector": "48"}, "geometry": {"type": "Point", "coordinates": [-83.627272079228, 32.837289870657]}}, {"type": "Feature", "properties": {"name": "Magda Law, LLC", "bucket": "tier1_micro_basic", "sector": "54"}, "geometry": {"type": "Point", "coordinates": [-83.627311312065, 32.837764661374]}}, {"type": "Feature", "properties": {"name": "Bank of Dudley", "bucket": "tier1_micro_basic", "sector": "52"}, "geometry": {"type": "Point", "coordinates": [-83.940310308224, 33.0357299992]}}, {"type": "Feature", "properties": {"name": "Lifespan Wealth Management, Inc.", "bucket": "tier1_micro_basic", "sector": "52"}, "geometry": {"type": "Point", "coordinates": [-83.711746830326, 32.925425347585]}}, {"type": "Feature", "properties": {"name": "Seay Felton, LLC", "bucket": "tier1_micro_basic", "sector": "54"}, "geometry": {"type": "Point", "coordinates": [-83.627311312065, 32.837764661374]}}, {"type": "Feature", "properties": {"name": "Clearwave Fiber", "bucket": "tier2_catalyst", "sector": "51"}, "geometry": {"type": "Point", "coordinates": [-83.709376732662, 32.927575958456]}}, {"type": "Feature", "properties": {"name": "Physician Consultants of Georgia, LLC", "bucket": "tier1_micro_basic", "sector": "62"}, "geometry": {"type": "Point", "coordinates": [-83.642869579413, 32.840669488254]}}, {"type": "Feature", "properties": {"name": "Kristy Jones, CPA, LLC", "bucket": "tier1_micro_basic", "sector": "54"}, "geometry": {"type": "Point", "coordinates": [-83.628504877765, 32.842160055833]}}, {"type": "Feature", "properties": {"name": "Kelvin Epps Painting Company", "bucket": "tier1_micro_basic", "sector": "23"}, "geometry": {"type": "Point", "coordinates": [-83.73633794274, 32.649182109643]}}, {"type": "Feature", "properties": {"name": "Cross Roads Recovery Ministries, Inc.", "bucket": "tier1_micro_basic", "sector": "unclassified"}, "geometry": {"type": "Point", "coordinates": [-83.669556567215, 32.847228723428]}}, {"type": "Feature", "properties": {"name": "Pin Strikes Family Entertainment Center", "bucket": "tier1_micro_basic", "sector": "71"}, "geometry": {"type": "Point", "coordinates": [-83.694607431893, 32.910573152702]}}, {"type": "Feature", "properties": {"name": "Planters First Bank", "bucket": "tier2_catalyst", "sector": "52"}, "geometry": {"type": "Point", "coordinates": [-83.707155201135, 32.920825141163]}}, {"type": "Feature", "properties": {"name": "Ocmulgee Brewpub", "bucket": "additional_listing", "sector": "72"}, "geometry": {"type": "Point", "coordinates": [-83.629789154796, 32.835572307066]}}, {"type": "Feature", "properties": {"name": "Brasserie Circa", "bucket": "additional_listing", "sector": "72"}, "geometry": {"type": "Point", "coordinates": [-83.700239357951, 32.869427910652]}}, {"type": "Feature", "properties": {"name": "Grant's Lounge", "bucket": "additional_listing", "sector": "71"}, "geometry": {"type": "Point", "coordinates": [-83.62991270751, 32.834878117208]}}, {"type": "Feature", "properties": {"name": "Love's Travel Stops", "bucket": "tier1_micro_basic", "sector": "44"}, "geometry": {"type": "Point", "coordinates": [-83.734473899988, 32.719176173911]}}, {"type": "Feature", "properties": {"name": "Buzzell, Welsh & Hill, LLP", "bucket": "tier1_micro_basic", "sector": "54"}, "geometry": {"type": "Point", "coordinates": [-83.625122703199, 32.838132810589]}}, {"type": "Feature", "properties": {"name": "Community Health Care Systems", "bucket": "tier1_micro_basic", "sector": "62"}, "geometry": {"type": "Point", "coordinates": [-83.623177830815, 32.835449160841]}}, {"type": "Feature", "properties": {"name": "Builders First Source", "bucket": "tier1_micro_basic", "sector": "23"}, "geometry": {"type": "Point", "coordinates": [-83.673118646197, 32.81478819266]}}, {"type": "Feature", "properties": {"name": "Specialized Information Environments, Inc. (dba SPINEN, Inc.)", "bucket": "tier4_regional_stakeholder", "sector": "54"}, "geometry": {"type": "Point", "coordinates": [-83.736070093057, 32.798650819269]}}, {"type": "Feature", "properties": {"name": "Riverside Imaging Specialist, LLC", "bucket": "tier1_micro_basic", "sector": "62"}, "geometry": {"type": "Point", "coordinates": [-83.647591163124, 32.85887391696]}}, {"type": "Feature", "properties": {"name": "Turning Point Accounting & Financial Services", "bucket": "tier1_micro_basic", "sector": "54"}, "geometry": {"type": "Point", "coordinates": [-83.731627691829, 32.925273998022]}}, {"type": "Feature", "properties": {"name": "Freeman Cabinets", "bucket": "tier1_micro_basic", "sector": "23"}, "geometry": {"type": "Point", "coordinates": [-83.673090692355, 32.841092439472]}}, {"type": "Feature", "properties": {"name": "U-Save-It Pharmacy", "bucket": "tier1_micro_basic", "sector": "62"}, "geometry": {"type": "Point", "coordinates": [-83.665363857477, 32.798750001959]}}, {"type": "Feature", "properties": {"name": "Macon Bacon", "bucket": "tier1_micro_basic", "sector": "71"}, "geometry": {"type": "Point", "coordinates": [-83.6167371379, 32.833775823376]}}, {"type": "Feature", "properties": {"name": "Langford Allergy, LLC", "bucket": "tier1_micro_basic", "sector": "62"}, "geometry": {"type": "Point", "coordinates": [-83.762042398213, 32.87632775981]}}, {"type": "Feature", "properties": {"name": "Mary Pinson, Inc.", "bucket": "tier1_micro_basic", "sector": "44"}, "geometry": {"type": "Point", "coordinates": [-83.637667659472, 32.838588406387]}}, {"type": "Feature", "properties": {"name": "Optim Neurosurgery", "bucket": "tier1_micro_basic", "sector": "62"}, "geometry": {"type": "Point", "coordinates": [-83.691141525078, 32.904696336918]}}, {"type": "Feature", "properties": {"name": "Gateway Development Center, Inc.", "bucket": "tier1_micro_basic", "sector": "53"}, "geometry": {"type": "Point", "coordinates": [-83.531451631595, 33.019904502112]}}, {"type": "Feature", "properties": {"name": "Amici Macon", "bucket": "tier1_micro_basic", "sector": "72"}, "geometry": {"type": "Point", "coordinates": [-83.653747518104, 32.825628978347]}}, {"type": "Feature", "properties": {"name": "Mid Georgia MLS", "bucket": "tier1_micro_basic", "sector": "53"}, "geometry": {"type": "Point", "coordinates": [-83.65698731851, 32.846178479353]}}, {"type": "Feature", "properties": {"name": "Georgia Artisan", "bucket": "tier1_micro_basic", "sector": "31"}, "geometry": {"type": "Point", "coordinates": [-83.650663915004, 32.791668931888]}}, {"type": "Feature", "properties": {"name": "Spillers Orthodontics", "bucket": "tier1_micro_basic", "sector": "62"}, "geometry": {"type": "Point", "coordinates": [-83.729429521066, 32.936639204841]}}, {"type": "Feature", "properties": {"name": "Synovus", "bucket": "tier3_community", "sector": "52"}, "geometry": {"type": "Point", "coordinates": [-83.731186233296, 32.925084445172]}}, {"type": "Feature", "properties": {"name": "Kelly Tours Inc.", "bucket": "tier2_catalyst", "sector": "54"}, "geometry": {"type": "Point", "coordinates": [-83.632296573533, 32.810717461519]}}, {"type": "Feature", "properties": {"name": "Dunwody Design Development", "bucket": "tier1_micro_basic", "sector": "54"}, "geometry": {"type": "Point", "coordinates": [-83.627274479201, 32.835483359549]}}, {"type": "Feature", "properties": {"name": "Pi-Tech, Inc.", "bucket": "tier1_micro_basic", "sector": "54"}, "geometry": {"type": "Point", "coordinates": [-83.688972286138, 32.863088846961]}}, {"type": "Feature", "properties": {"name": "Z Beans Coffee", "bucket": "tier1_micro_basic", "sector": "72"}, "geometry": {"type": "Point", "coordinates": [-83.650907, 32.8328457]}}, {"type": "Feature", "properties": {"name": "Irving Consumer Products, Inc.", "bucket": "tier3_community", "sector": "31"}, "geometry": {"type": "Point", "coordinates": [-83.643808399043, 32.741129505592]}}, {"type": "Feature", "properties": {"name": "Skin Care Physicians of GA, PC", "bucket": "tier2_catalyst", "sector": "62"}, "geometry": {"type": "Point", "coordinates": [-83.617494200119, 32.843612236952]}}, {"type": "Feature", "properties": {"name": "ICB Construction Group", "bucket": "tier1_micro_basic", "sector": "23"}, "geometry": {"type": "Point", "coordinates": [-83.62617873608, 32.831791681874]}}, {"type": "Feature", "properties": {"name": "Holiday Inn Express Macon North", "bucket": "tier1_micro_basic", "sector": "72"}, "geometry": {"type": "Point", "coordinates": [-83.7369819, 32.9265408]}}, {"type": "Feature", "properties": {"name": "ClaytonCarter, LLC, CPA", "bucket": "tier1_micro_basic", "sector": "54"}, "geometry": {"type": "Point", "coordinates": [-83.626789084426, 32.835340330323]}}, {"type": "Feature", "properties": {"name": "North Central Health District", "bucket": "tier2_catalyst", "sector": "62"}, "geometry": {"type": "Point", "coordinates": [-83.626894190008, 32.839198408166]}}, {"type": "Feature", "properties": {"name": "Air Temp Control", "bucket": "tier1_micro_basic", "sector": "23"}, "geometry": {"type": "Point", "coordinates": [-83.652486997424, 32.717120409606]}}, {"type": "Feature", "properties": {"name": "Next Step Recovery Ministries", "bucket": "tier1_micro_basic", "sector": "unclassified"}, "geometry": {"type": "Point", "coordinates": [-83.658867893063, 32.783752379891]}}, {"type": "Feature", "properties": {"name": "Gordon State College", "bucket": "tier1_micro_basic", "sector": "61"}, "geometry": {"type": "Point", "coordinates": [-84.153457323357, 33.047447568594]}}, {"type": "Feature", "properties": {"name": "B. Monroe Salon, LLC", "bucket": "tier2_catalyst", "sector": "81"}, "geometry": {"type": "Point", "coordinates": [-83.736924862447, 32.926266694512]}}, {"type": "Feature", "properties": {"name": "Tyler Landress - State Farm", "bucket": "tier1_micro_basic", "sector": "52"}, "geometry": {"type": "Point", "coordinates": [-83.711613639523, 32.820627951231]}}, {"type": "Feature", "properties": {"name": "Southern Majority, LLC", "bucket": "tier1_micro_basic", "sector": "54"}, "geometry": {"type": "Point", "coordinates": [-83.627272079228, 32.837289870657]}}, {"type": "Feature", "properties": {"name": "Southeast Regional Technology Group", "bucket": "tier1_micro_basic", "sector": "54"}, "geometry": {"type": "Point", "coordinates": [-83.709846731214, 32.927911469557]}}, {"type": "Feature", "properties": {"name": "Charles E. Cox, Jr. LLC Attorney at Law", "bucket": "tier1_micro_basic", "sector": "54"}, "geometry": {"type": "Point", "coordinates": [-83.63064013296, 32.835720230135]}}, {"type": "Feature", "properties": {"name": "Quantum HC", "bucket": "tier2_catalyst", "sector": "62"}, "geometry": {"type": "Point", "coordinates": [-83.636290487022, 32.833119615795]}}, {"type": "Feature", "properties": {"name": "1st Franklin Financial Corp Macon #2", "bucket": "additional_listing", "sector": "52"}, "geometry": {"type": "Point", "coordinates": [-83.625421779713, 32.849168877406]}}, {"type": "Feature", "properties": {"name": "Interstate Batteries of Greater Georgia", "bucket": "tier1_micro_basic", "sector": "42"}, "geometry": {"type": "Point", "coordinates": [-83.74092166692, 32.835201850449]}}, {"type": "Feature", "properties": {"name": "Todd Mitchell - State Farm Insurance Agent", "bucket": "tier1_micro_basic", "sector": "52"}, "geometry": {"type": "Point", "coordinates": [-83.673976676131, 32.85009828506]}}, {"type": "Feature", "properties": {"name": "Northside Hospital Cancer Institute, Radiation Oncology", "bucket": "tier3_community", "sector": "62"}, "geometry": {"type": "Point", "coordinates": [-83.617494200119, 32.843612236952]}}, {"type": "Feature", "properties": {"name": "Jones Glass Inc.", "bucket": "tier1_micro_basic", "sector": "23"}, "geometry": {"type": "Point", "coordinates": [-83.757045130423, 32.784601419892]}}, {"type": "Feature", "properties": {"name": "Accounting Associates of Middle GA", "bucket": "tier1_micro_basic", "sector": "54"}, "geometry": {"type": "Point", "coordinates": [-83.674972083123, 32.888113756411]}}, {"type": "Feature", "properties": {"name": "Advent Business Interiors", "bucket": "tier1_micro_basic", "sector": "42"}, "geometry": {"type": "Point", "coordinates": [-83.740853192334, 32.836992930996]}}, {"type": "Feature", "properties": {"name": "O'Brien Heating and Air", "bucket": "tier1_micro_basic", "sector": "23"}, "geometry": {"type": "Point", "coordinates": [-83.908287312481, 32.741930934704]}}, {"type": "Feature", "properties": {"name": "Florida Governors Council on Indian Affairs", "bucket": "tier1_micro_basic", "sector": "unclassified"}, "geometry": {"type": "Point", "coordinates": [-84.264962510656, 30.446676631261]}}, {"type": "Feature", "properties": {"name": "The Sign Store Online, Inc", "bucket": "tier2_catalyst", "sector": "31"}, "geometry": {"type": "Point", "coordinates": [-83.639171784289, 32.81878224321]}}, {"type": "Feature", "properties": {"name": "PeoplesSouth Bank", "bucket": "tier1_micro_basic", "sector": "52"}, "geometry": {"type": "Point", "coordinates": [-83.614962597335, 32.859741083376]}}, {"type": "Feature", "properties": {"name": "Foothills Regional High School", "bucket": "tier1_micro_basic", "sector": "61"}, "geometry": {"type": "Point", "coordinates": [-83.645149683307, 32.855923374456]}}, {"type": "Feature", "properties": {"name": "Grant & Cook Equipment, Inc.", "bucket": "tier1_micro_basic", "sector": "23"}, "geometry": {"type": "Point", "coordinates": [-83.745933889925, 32.80796442233]}}, {"type": "Feature", "properties": {"name": "AREY Group", "bucket": "tier2_catalyst", "sector": "53"}, "geometry": {"type": "Point", "coordinates": [-83.625994487414, 32.834813590156]}}, {"type": "Feature", "properties": {"name": "Hall Comprehensive Dentistry, L.L.C.", "bucket": "tier1_micro_basic", "sector": "62"}, "geometry": {"type": "Point", "coordinates": [-83.69044422026, 32.910988797875]}}, {"type": "Feature", "properties": {"name": "EOS Worldwide", "bucket": "tier5_driver_investor", "sector": "54"}, "geometry": {"type": "Point", "coordinates": [-83.712160807869, 32.926359545925]}}, {"type": "Feature", "properties": {"name": "Surcheros Fresh Mex", "bucket": "tier1_micro_basic", "sector": "72"}, "geometry": {"type": "Point", "coordinates": [-83.725431563712, 32.933541408501]}}, {"type": "Feature", "properties": {"name": "Destiny Fitness", "bucket": "tier1_micro_basic", "sector": "81"}, "geometry": {"type": "Point", "coordinates": [-83.673168079736, 32.746441728404]}}, {"type": "Feature", "properties": {"name": "Siding Supply, Inc.", "bucket": "tier1_micro_basic", "sector": "23"}, "geometry": {"type": "Point", "coordinates": [-83.64035502911, 32.805882724115]}}, {"type": "Feature", "properties": {"name": "CB Smith & Associates, PC", "bucket": "tier1_micro_basic", "sector": "54"}, "geometry": {"type": "Point", "coordinates": [-83.68724245955, 32.905905361091]}}, {"type": "Feature", "properties": {"name": "Solomon Investments & Financial Planning, LLC", "bucket": "tier2_catalyst", "sector": "52"}, "geometry": {"type": "Point", "coordinates": [-83.668817744521, 32.893720350188]}}, {"type": "Feature", "properties": {"name": "Superior Document Solutions", "bucket": "tier1_micro_basic", "sector": "42"}, "geometry": {"type": "Point", "coordinates": [-83.712160807869, 32.926359545925]}}, {"type": "Feature", "properties": {"name": "ASTRE Wellness", "bucket": "tier1_micro_basic", "sector": "81"}, "geometry": {"type": "Point", "coordinates": [-83.70441578272, 32.897146799242]}}, {"type": "Feature", "properties": {"name": "Moonhanger Group", "bucket": "tier5_driver_investor", "sector": "72"}, "geometry": {"type": "Point", "coordinates": [-83.62817994321, 32.836134502167]}}, {"type": "Feature", "properties": {"name": "Brightmoor Hospice", "bucket": "tier1_micro_basic", "sector": "62"}, "geometry": {"type": "Point", "coordinates": [-83.695770841543, 32.914117759253]}}, {"type": "Feature", "properties": {"name": "Tru by Hilton Macon North", "bucket": "tier1_micro_basic", "sector": "72"}, "geometry": {"type": "Point", "coordinates": [-83.740167810595, 32.925408016229]}}, {"type": "Feature", "properties": {"name": "Mobile Space Sales & Rental, LLC", "bucket": "tier1_micro_basic", "sector": "53"}, "geometry": {"type": "Point", "coordinates": [-83.597545124287, 32.55952759359]}}, {"type": "Feature", "properties": {"name": "Lowcountry Foundation Repair", "bucket": "tier1_micro_basic", "sector": "23"}, "geometry": {"type": "Point", "coordinates": [-83.73205292043, 32.834825558884]}}, {"type": "Feature", "properties": {"name": "Beyond The Bell, Inc.", "bucket": "tier1_micro_basic", "sector": "unclassified"}, "geometry": {"type": "Point", "coordinates": [-83.678339630665, 32.892210368697]}}, {"type": "Feature", "properties": {"name": "Hotel Forty Five", "bucket": "tier2_catalyst", "sector": "72"}, "geometry": {"type": "Point", "coordinates": [-83.629977692627, 32.837140466388]}}, {"type": "Feature", "properties": {"name": "McCallum Metal Works", "bucket": "tier1_micro_basic", "sector": "23"}, "geometry": {"type": "Point", "coordinates": [-83.875859588994, 32.862665284732]}}, {"type": "Feature", "properties": {"name": "Towering Your Success, LLC", "bucket": "tier1_micro_basic", "sector": "61"}, "geometry": {"type": "Point", "coordinates": [-83.627311312065, 32.837764661374]}}, {"type": "Feature", "properties": {"name": "Century 21 Crowe Realty", "bucket": "tier1_micro_basic", "sector": "53"}, "geometry": {"type": "Point", "coordinates": [-83.651060758458, 32.8537100702]}}, {"type": "Feature", "properties": {"name": "The Miner Agency", "bucket": "tier1_micro_basic", "sector": "54"}, "geometry": {"type": "Point", "coordinates": [-83.672116550333, 32.59987642779]}}, {"type": "Feature", "properties": {"name": "Atlanta Sand & Supply Co.", "bucket": "tier1_micro_basic", "sector": "21"}, "geometry": {"type": "Point", "coordinates": [-83.762042398213, 32.87632775981]}}, {"type": "Feature", "properties": {"name": "Fall Line Brewing Co.", "bucket": "tier1_micro_basic", "sector": "72"}, "geometry": {"type": "Point", "coordinates": [-83.630708874687, 32.833726927838]}}, {"type": "Feature", "properties": {"name": "Griggers Wealth Management", "bucket": "tier1_micro_basic", "sector": "52"}, "geometry": {"type": "Point", "coordinates": [-83.649988824798, 32.614473880229]}}, {"type": "Feature", "properties": {"name": "Windows Plus Inc", "bucket": "tier1_micro_basic", "sector": "56"}, "geometry": {"type": "Point", "coordinates": [-83.677959006689, 32.825595363035]}}, {"type": "Feature", "properties": {"name": "Macon Golf Carts, LLC", "bucket": "tier1_micro_basic", "sector": "44"}, "geometry": {"type": "Point", "coordinates": [-83.665667463539, 32.783109506665]}}, {"type": "Feature", "properties": {"name": "Invision Technologies, LLC", "bucket": "tier1_micro_basic", "sector": "54"}, "geometry": {"type": "Point", "coordinates": [-83.672987086464, 32.840012392693]}}, {"type": "Feature", "properties": {"name": "Liberty Disposal, Inc", "bucket": "tier2_catalyst", "sector": "56"}, "geometry": {"type": "Point", "coordinates": [-83.595958150597, 32.565570877698]}}, {"type": "Feature", "properties": {"name": "Piedmont Urgent Care", "bucket": "additional_listing", "sector": "62"}, "geometry": {"type": "Point", "coordinates": [-83.751525158451, 32.879805928918]}}, {"type": "Feature", "properties": {"name": "Liberty Technology", "bucket": "tier1_micro_basic", "sector": "54"}, "geometry": {"type": "Point", "coordinates": [-83.705050649512, 32.89831175211]}}, {"type": "Feature", "properties": {"name": "Luxe Park Apartments", "bucket": "tier1_micro_basic", "sector": "53"}, "geometry": {"type": "Point", "coordinates": [-83.704712396328, 32.914619639989]}}, {"type": "Feature", "properties": {"name": "Colony Bank", "bucket": "tier2_catalyst", "sector": "52"}, "geometry": {"type": "Point", "coordinates": [-83.74065924874, 32.922483408535]}}, {"type": "Feature", "properties": {"name": "Neal Weinberg, Attorney", "bucket": "tier1_micro_basic", "sector": "54"}, "geometry": {"type": "Point", "coordinates": [-83.745217549421, 32.943189613534]}}, {"type": "Feature", "properties": {"name": "C & C Manufacturing, Inc.", "bucket": "tier1_micro_basic", "sector": "31"}, "geometry": {"type": "Point", "coordinates": [-83.663324023422, 32.698677316687]}}, {"type": "Feature", "properties": {"name": "Christy Capital Management, Inc.", "bucket": "tier2_catalyst", "sector": "52"}, "geometry": {"type": "Point", "coordinates": [-83.738793513695, 32.833633314468]}}, {"type": "Feature", "properties": {"name": "Minuteman Press Macon", "bucket": "tier1_micro_basic", "sector": "31"}, "geometry": {"type": "Point", "coordinates": [-83.729365949497, 32.826143603956]}}, {"type": "Feature", "properties": {"name": "Flint Building Company, LLC", "bucket": "tier1_micro_basic", "sector": "23"}, "geometry": {"type": "Point", "coordinates": [-83.865118277488, 32.923618531149]}}, {"type": "Feature", "properties": {"name": "Oconee State Bank", "bucket": "tier2_catalyst", "sector": "52"}, "geometry": {"type": "Point", "coordinates": [-83.626713809981, 32.836900922487]}}, {"type": "Feature", "properties": {"name": "Clark, Smith & Sizemore, LLC", "bucket": "tier1_micro_basic", "sector": "54"}, "geometry": {"type": "Point", "coordinates": [-83.636256960571, 32.845411631033]}}, {"type": "Feature", "properties": {"name": "Piedmont Orthopedic OrthoAtlanta", "bucket": "tier2_catalyst", "sector": "62"}, "geometry": {"type": "Point", "coordinates": [-83.738325990112, 32.924939331293]}}, {"type": "Feature", "properties": {"name": "The Florrest Awakens LLC", "bucket": "tier1_micro_basic", "sector": "71"}, "geometry": {"type": "Point", "coordinates": [-83.591653336834, 33.085633663254]}}, {"type": "Feature", "properties": {"name": "NotiVisi\u00f3n Georgia", "bucket": "tier1_micro_basic", "sector": "51"}, "geometry": {"type": "Point", "coordinates": [-83.66890533716, 32.564266908453]}}, {"type": "Feature", "properties": {"name": "Hawkinsville-Pulaski County Chamber of Commerce", "bucket": "tier3_community", "sector": "unclassified"}, "geometry": {"type": "Point", "coordinates": [-83.466010002605, 32.28215021468]}}, {"type": "Feature", "properties": {"name": "Muscogee Nation Businesses, LLC", "bucket": "tier3_community", "sector": "unclassified"}, "geometry": {"type": "Point", "coordinates": [-95.961860974727, 35.613735121586]}}, {"type": "Feature", "properties": {"name": "Hollywood Farms", "bucket": "tier1_micro_basic", "sector": "71"}, "geometry": {"type": "Point", "coordinates": [-83.352228079663, 32.671809778773]}}, {"type": "Feature", "properties": {"name": "The Woodward Hotel & Quill Cocktail Bar", "bucket": "additional_listing", "sector": "72"}, "geometry": {"type": "Point", "coordinates": [-83.628460793499, 32.837125538637]}}, {"type": "Feature", "properties": {"name": "Capricorn Sound Studios and Museum", "bucket": "additional_listing", "sector": "71"}, "geometry": {"type": "Point", "coordinates": [-83.62732332989, 32.833031638042]}}, {"type": "Feature", "properties": {"name": "AF Realty Group", "bucket": "tier1_micro_basic", "sector": "53"}, "geometry": {"type": "Point", "coordinates": [-83.73535945826, 32.458441915895]}}, {"type": "Feature", "properties": {"name": "Cleaning General Janitorial Services, Inc.", "bucket": "tier1_micro_basic", "sector": "56"}, "geometry": {"type": "Point", "coordinates": [-83.713578083759, 32.819166888568]}}, {"type": "Feature", "properties": {"name": "Total Fuze Spine and Pain Center", "bucket": "tier1_micro_basic", "sector": "62"}, "geometry": {"type": "Point", "coordinates": [-83.626130556476, 32.8348930132]}}, {"type": "Feature", "properties": {"name": "Macon Outdoor Power", "bucket": "tier1_micro_basic", "sector": "44"}, "geometry": {"type": "Point", "coordinates": [-83.727249340626, 32.831436450927]}}, {"type": "Feature", "properties": {"name": "Childress & Justice, LLC", "bucket": "tier1_micro_basic", "sector": "54"}, "geometry": {"type": "Point", "coordinates": [-83.633335130325, 32.837354495571]}}, {"type": "Feature", "properties": {"name": "Hometown Occupational Medicine", "bucket": "tier1_micro_basic", "sector": "62"}, "geometry": {"type": "Point", "coordinates": [-83.592676988834, 32.568295889784]}}, {"type": "Feature", "properties": {"name": "Unified Defense", "bucket": "additional_listing", "sector": "31"}, "geometry": {"type": "Point", "coordinates": [-83.748619065578, 32.656855266808]}}, {"type": "Feature", "properties": {"name": "Truss US", "bucket": "additional_listing", "sector": "31"}, "geometry": {"type": "Point", "coordinates": [-83.749120715593, 32.656571454895]}}, {"type": "Feature", "properties": {"name": "Sweet Briar Gardens", "bucket": "tier5_driver_investor", "sector": "56"}, "geometry": {"type": "Point", "coordinates": [-83.820411538877, 32.708446026389]}}, {"type": "Feature", "properties": {"name": "Jamtek Electrical LLC", "bucket": "tier1_micro_basic", "sector": "56"}, "geometry": {"type": "Point", "coordinates": [-83.663451173647, 32.841899915817]}}, {"type": "Feature", "properties": {"name": "Prevailing Woman Ministries, Inc.", "bucket": "tier1_micro_basic", "sector": "unclassified"}, "geometry": {"type": "Point", "coordinates": [-83.759170858823, 32.879799680055]}}, {"type": "Feature", "properties": {"name": "Leah Yetter Photographer", "bucket": "tier1_micro_basic", "sector": "54"}, "geometry": {"type": "Point", "coordinates": [-83.681261431809, 32.859872286195]}}, {"type": "Feature", "properties": {"name": "Macon Bibb Economic Opportunity Council, Inc.", "bucket": "tier2_catalyst", "sector": "unclassified"}, "geometry": {"type": "Point", "coordinates": [-83.633731644251, 32.827048646337]}}, {"type": "Feature", "properties": {"name": "Middle Georgia Access to Justice Council, Inc.", "bucket": "tier1_micro_basic", "sector": "54"}, "geometry": {"type": "Point", "coordinates": [-83.625411124539, 32.838454632536]}}, {"type": "Feature", "properties": {"name": "551 Hospitality LLC", "bucket": "tier1_micro_basic", "sector": "72"}, "geometry": {"type": "Point", "coordinates": [-83.629094267089, 32.836700338161]}}, {"type": "Feature", "properties": {"name": "Masonic Home of Georgia", "bucket": "tier1_micro_basic", "sector": "unclassified"}, "geometry": {"type": "Point", "coordinates": [-83.637769894861, 32.864488498935]}}, {"type": "Feature", "properties": {"name": "Southern Center for Choice Theory, LLC", "bucket": "tier1_micro_basic", "sector": "62"}, "geometry": {"type": "Point", "coordinates": [-83.651765669245, 32.839804846831]}}, {"type": "Feature", "properties": {"name": "SARA Ventures, Inc.", "bucket": "tier1_micro_basic", "sector": "53"}, "geometry": {"type": "Point", "coordinates": [-83.63476953437, 32.838072310804]}}, {"type": "Feature", "properties": {"name": "Miramar Raw Bar and Tapas", "bucket": "additional_listing", "sector": "72"}, "geometry": {"type": "Point", "coordinates": [-83.700239357951, 32.869427910652]}}, {"type": "Feature", "properties": {"name": "Grit's Cafe", "bucket": "additional_listing", "sector": "72"}, "geometry": {"type": "Point", "coordinates": [-83.939067395461, 33.034982999319]}}, {"type": "Feature", "properties": {"name": "Advanced Dental Arts, LLC", "bucket": "tier1_micro_basic", "sector": "62"}, "geometry": {"type": "Point", "coordinates": [-83.713891139585, 32.90387243028]}}, {"type": "Feature", "properties": {"name": "Taco Mac", "bucket": "tier1_micro_basic", "sector": "72"}, "geometry": {"type": "Point", "coordinates": [-83.731406962563, 32.925179221597]}}, {"type": "Feature", "properties": {"name": "Greens Home Repair LLC", "bucket": "tier1_micro_basic", "sector": "23"}, "geometry": {"type": "Point", "coordinates": [-83.794556143974, 32.78975227114]}}, {"type": "Feature", "properties": {"name": "Ocmulgee National Park and Preserve Initiative", "bucket": "tier1_micro_basic", "sector": "unclassified"}, "geometry": {"type": "Point", "coordinates": [-83.6304692061, 32.835367444788]}}, {"type": "Feature", "properties": {"name": "JPMorgan Chase", "bucket": "tier1_micro_basic", "sector": "52"}, "geometry": {"type": "Point", "coordinates": [-84.362760192971, 33.849900958157]}}, {"type": "Feature", "properties": {"name": "Oliver's Corner Bistro, LLC", "bucket": "tier1_micro_basic", "sector": "72"}, "geometry": {"type": "Point", "coordinates": [-83.629887177536, 32.835455844407]}}, {"type": "Feature", "properties": {"name": "ITVantix", "bucket": "tier1_micro_basic", "sector": "54"}, "geometry": {"type": "Point", "coordinates": [-83.622834398229, 32.585475882275]}}, {"type": "Feature", "properties": {"name": "Fresh Air Bar-B-Que", "bucket": "tier1_micro_basic", "sector": "72"}, "geometry": {"type": "Point", "coordinates": [-83.675962606901, 32.88930423804]}}, {"type": "Feature", "properties": {"name": "Dab's Inc.", "bucket": "tier1_micro_basic", "sector": "72"}, "geometry": {"type": "Point", "coordinates": [-83.651328505998, 32.701868027485]}}, {"type": "Feature", "properties": {"name": "Zebulon Park Health and Rehabilitation", "bucket": "tier1_micro_basic", "sector": "62"}, "geometry": {"type": "Point", "coordinates": [-83.760960029903, 32.885093261798]}}, {"type": "Feature", "properties": {"name": "Rhythm & Rally Sports & Events", "bucket": "tier2_catalyst", "sector": "71"}, "geometry": {"type": "Point", "coordinates": [-83.694154720999, 32.815835932692]}}, {"type": "Feature", "properties": {"name": "Roberts Academy at Mercer University", "bucket": "additional_listing", "sector": "61"}, "geometry": {"type": "Point", "coordinates": [-83.647548733526, 32.836224765114]}}, {"type": "Feature", "properties": {"name": "Harmon & Harmon Realtors, Inc.", "bucket": "tier1_micro_basic", "sector": "53"}, "geometry": {"type": "Point", "coordinates": [-83.729351183553, 32.828074977259]}}, {"type": "Feature", "properties": {"name": "Stardust Consulting LLC", "bucket": "tier1_micro_basic", "sector": "54"}, "geometry": {"type": "Point", "coordinates": [-83.852339651975, 32.632380439252]}}, {"type": "Feature", "properties": {"name": "Heart of Georgia Hospice", "bucket": "tier1_micro_basic", "sector": "62"}, "geometry": {"type": "Point", "coordinates": [-83.679611874355, 32.615664746559]}}, {"type": "Feature", "properties": {"name": "Stetson-Hatcher School of Business", "bucket": "additional_listing", "sector": "61"}, "geometry": {"type": "Point", "coordinates": [-83.651702293643, 32.825863252811]}}, {"type": "Feature", "properties": {"name": "First Street Ace Hardware", "bucket": "additional_listing", "sector": "44"}, "geometry": {"type": "Point", "coordinates": [-83.633497501953, 32.833920113903]}}, {"type": "Feature", "properties": {"name": "Diamond Odell Jude, MD LLC", "bucket": "tier1_micro_basic", "sector": "62"}, "geometry": {"type": "Point", "coordinates": [-83.634209489517, 32.831871850243]}}, {"type": "Feature", "properties": {"name": "Snowco General Contractors, Inc.", "bucket": "tier1_micro_basic", "sector": "23"}, "geometry": {"type": "Point", "coordinates": [-83.245336794387, 32.838404550228]}}, {"type": "Feature", "properties": {"name": "Noland Law Firm LLC", "bucket": "tier1_micro_basic", "sector": "54"}, "geometry": {"type": "Point", "coordinates": [-83.718264636691, 32.937849361202]}}, {"type": "Feature", "properties": {"name": "Gonzales Cleaning Services, LLC", "bucket": "tier1_micro_basic", "sector": "56"}, "geometry": {"type": "Point", "coordinates": [-83.671953015904, 32.790775656428]}}, {"type": "Feature", "properties": {"name": "Ricky Heath Plumbing LLC", "bucket": "tier1_micro_basic", "sector": "23"}, "geometry": {"type": "Point", "coordinates": [-83.672950758701, 32.845838496983]}}, {"type": "Feature", "properties": {"name": "Turner Job Corps", "bucket": "tier3_community", "sector": "61"}, "geometry": {"type": "Point", "coordinates": [-84.104426790773, 31.603130717677]}}, {"type": "Feature", "properties": {"name": "Logistics & Generation Technology Services, LLC", "bucket": "tier5_driver_investor", "sector": "31"}, "geometry": {"type": "Point", "coordinates": [-83.662243472791, 32.697707456462]}}, {"type": "Feature", "properties": {"name": "Macon Hope, Inc.", "bucket": "tier1_micro_basic", "sector": "unclassified"}, "geometry": {"type": "Point", "coordinates": [-83.634823852059, 32.836065779971]}}, {"type": "Feature", "properties": {"name": "Reliable Heating & Air", "bucket": "tier5_driver_investor", "sector": "23"}, "geometry": {"type": "Point", "coordinates": [-83.724888050135, 32.832112655318]}}, {"type": "Feature", "properties": {"name": "Steel Forest Range and Academy LLC", "bucket": "tier1_micro_basic", "sector": "44"}, "geometry": {"type": "Point", "coordinates": [-83.707299794947, 32.921067929742]}}, {"type": "Feature", "properties": {"name": "Comcast Business", "bucket": "tier1_micro_basic", "sector": "51"}, "geometry": {"type": "Point", "coordinates": [-84.469367908281, 33.887395125223]}}, {"type": "Feature", "properties": {"name": "Holistic Healing Resources", "bucket": "tier1_micro_basic", "sector": "62"}, "geometry": {"type": "Point", "coordinates": [-83.691248206744, 32.904767813282]}}, {"type": "Feature", "properties": {"name": "OVG - The Macon Centreplex & Atrium Health Amphitheater", "bucket": "tier1_micro_basic", "sector": "71"}, "geometry": {"type": "Point", "coordinates": [-83.618494471639, 32.841424653531]}}, {"type": "Feature", "properties": {"name": "Georgia Trust for Local News", "bucket": "tier1_micro_basic", "sector": "51"}, "geometry": {"type": "Point", "coordinates": [-83.651427444193, 32.832811574719]}}, {"type": "Feature", "properties": {"name": "Georgia College & State University", "bucket": "tier2_catalyst", "sector": "61"}, "geometry": {"type": "Point", "coordinates": [-83.229354190915, 33.080854061664]}}, {"type": "Feature", "properties": {"name": "Macon Me Wander", "bucket": "tier1_micro_basic", "sector": "71"}, "geometry": {"type": "Point", "coordinates": [-83.623345262732, 32.852111083757]}}, {"type": "Feature", "properties": {"name": "Robison Venture Group, LLC", "bucket": "tier1_micro_basic", "sector": "72"}, "geometry": {"type": "Point", "coordinates": [-83.751525158451, 32.879805928918]}}, {"type": "Feature", "properties": {"name": "Gilbert's Prom and Formalwear", "bucket": "tier1_micro_basic", "sector": "44"}, "geometry": {"type": "Point", "coordinates": [-83.703077916248, 32.87092702583]}}, {"type": "Feature", "properties": {"name": "WiReD Technology, LLC", "bucket": "tier1_micro_basic", "sector": "54"}, "geometry": {"type": "Point", "coordinates": [-84.195002539529, 33.409293583226]}}, {"type": "Feature", "properties": {"name": "Ocmulgee Physicians LLC", "bucket": "tier1_micro_basic", "sector": "62"}, "geometry": {"type": "Point", "coordinates": [-83.62788445491, 32.833677403871]}}, {"type": "Feature", "properties": {"name": "Lesley Myrick Art + Design, LLC", "bucket": "tier1_micro_basic", "sector": "54"}, "geometry": {"type": "Point", "coordinates": [-83.637497681425, 32.838642496483]}}, {"type": "Feature", "properties": {"name": "315 LLC", "bucket": "tier1_micro_basic", "sector": "62"}, "geometry": {"type": "Point", "coordinates": [-83.762042398213, 32.87632775981]}}, {"type": "Feature", "properties": {"name": "Nu-Way Weiners, Inc.", "bucket": "tier2_catalyst", "sector": "72"}, "geometry": {"type": "Point", "coordinates": [-83.760353388903, 32.879815693161]}}, {"type": "Feature", "properties": {"name": "Stroud Industries, Inc.", "bucket": "tier1_micro_basic", "sector": "23"}, "geometry": {"type": "Point", "coordinates": [-83.620641162381, 32.830234785212]}}, {"type": "Feature", "properties": {"name": "CoreSouth Systems LLC", "bucket": "tier1_micro_basic", "sector": "54"}, "geometry": {"type": "Point", "coordinates": [-83.748236980444, 32.809916350802]}}, {"type": "Feature", "properties": {"name": "Heart City Marketing", "bucket": "tier1_micro_basic", "sector": "54"}, "geometry": {"type": "Point", "coordinates": [-83.701805144218, 32.573735144047]}}, {"type": "Feature", "properties": {"name": "TJ Sutter - State Farm", "bucket": "tier1_micro_basic", "sector": "52"}, "geometry": {"type": "Point", "coordinates": [-83.707461502866, 32.814192197579]}}, {"type": "Feature", "properties": {"name": "Northside Animal Hospital", "bucket": "tier1_micro_basic", "sector": "54"}, "geometry": {"type": "Point", "coordinates": [-83.693523318588, 32.868650548739]}}, {"type": "Feature", "properties": {"name": "Three Rivers Area Health Education Center, Inc.", "bucket": "tier1_micro_basic", "sector": "unclassified"}, "geometry": {"type": "Point", "coordinates": [-84.969940273552, 32.481821839952]}}, {"type": "Feature", "properties": {"name": "Pawn Max, Inc", "bucket": "tier1_micro_basic", "sector": "52"}, "geometry": {"type": "Point", "coordinates": [-83.662738670539, 32.816479622891]}}, {"type": "Feature", "properties": {"name": "Clark & Clark Law Group, LLC", "bucket": "tier1_micro_basic", "sector": "54"}, "geometry": {"type": "Point", "coordinates": [-83.627272079228, 32.837289870657]}}, {"type": "Feature", "properties": {"name": "Zebulon475.Inc", "bucket": "tier1_micro_basic", "sector": "72"}, "geometry": {"type": "Point", "coordinates": [-83.758007446866, 32.879788529796]}}, {"type": "Feature", "properties": {"name": "Nomad Capital", "bucket": "tier1_micro_basic", "sector": "48"}, "geometry": {"type": "Point", "coordinates": [-83.661356203834, 32.814245550098]}}, {"type": "Feature", "properties": {"name": "John Wesley Villas", "bucket": "tier2_catalyst", "sector": "62"}, "geometry": {"type": "Point", "coordinates": [-83.740243177032, 32.833977157578]}}, {"type": "Feature", "properties": {"name": "LongBridge Macon, LLC", "bucket": "tier1_micro_basic", "sector": "53"}, "geometry": {"type": "Point", "coordinates": [-83.7257214267, 32.920845038802]}}, {"type": "Feature", "properties": {"name": "Rash Investors, LLC", "bucket": "tier2_catalyst", "sector": "72"}, "geometry": {"type": "Point", "coordinates": [-83.713976046306, 32.929498702275]}}, {"type": "Feature", "properties": {"name": "Rosas Management, LLC", "bucket": "tier1_micro_basic", "sector": "72"}, "geometry": {"type": "Point", "coordinates": [-83.652773237629, 32.853689437478]}}, {"type": "Feature", "properties": {"name": "Lamar Advertising", "bucket": "tier1_micro_basic", "sector": "54"}, "geometry": {"type": "Point", "coordinates": [-83.725699717306, 32.831062694182]}}, {"type": "Feature", "properties": {"name": "Law Office of Christi James LLC", "bucket": "tier1_micro_basic", "sector": "54"}, "geometry": {"type": "Point", "coordinates": [-83.673814197311, 32.849955148934]}}, {"type": "Feature", "properties": {"name": "Realty Unlimited, LLC", "bucket": "tier1_micro_basic", "sector": "53"}, "geometry": {"type": "Point", "coordinates": [-83.713891139585, 32.90387243028]}}, {"type": "Feature", "properties": {"name": "Out Fox Professional Solution", "bucket": "tier1_micro_basic", "sector": "48"}, "geometry": {"type": "Point", "coordinates": [-83.69028515467, 32.713450089415]}}, {"type": "Feature", "properties": {"name": "Lazarus - 2, LLC", "bucket": "tier1_micro_basic", "sector": "44"}, "geometry": {"type": "Point", "coordinates": [-83.673586726963, 32.849754758359]}}, {"type": "Feature", "properties": {"name": "Lowe Electric Supply", "bucket": "tier5_driver_investor", "sector": "23"}, "geometry": {"type": "Point", "coordinates": [-83.644488128921, 32.838297710055]}}, {"type": "Feature", "properties": {"name": "Brodie Law Group", "bucket": "tier1_micro_basic", "sector": "54"}, "geometry": {"type": "Point", "coordinates": [-83.704781055815, 32.918662345894]}}, {"type": "Feature", "properties": {"name": "Ballard Benefits Group, LLC", "bucket": "tier2_catalyst", "sector": "52"}, "geometry": {"type": "Point", "coordinates": [-83.71120126458, 32.87206338634]}}, {"type": "Feature", "properties": {"name": "Childs & Curreli, LLC", "bucket": "tier1_micro_basic", "sector": "54"}, "geometry": {"type": "Point", "coordinates": [-83.626894190008, 32.839198408166]}}, {"type": "Feature", "properties": {"name": "Albany State University/Child Care Resource and Referral of SWGA", "bucket": "tier1_micro_basic", "sector": "61"}, "geometry": {"type": "Point", "coordinates": [-84.210677441002, 31.585873814222]}}, {"type": "Feature", "properties": {"name": "HWH of Macon, LLC", "bucket": "tier1_micro_basic", "sector": "81"}, "geometry": {"type": "Point", "coordinates": [-83.739767785439, 32.923493855629]}}, {"type": "Feature", "properties": {"name": "Macon Sweet Treats LLC", "bucket": "tier1_micro_basic", "sector": "72"}, "geometry": {"type": "Point", "coordinates": [-83.739767785439, 32.923493855629]}}, {"type": "Feature", "properties": {"name": "Spearman Investments, Inc.", "bucket": "tier5_driver_investor", "sector": "unclassified"}, "geometry": {"type": "Point", "coordinates": [-83.626537494129, 32.83729933516]}}, {"type": "Feature", "properties": {"name": "Skipper Family Farms", "bucket": "tier1_micro_basic", "sector": "11"}, "geometry": {"type": "Point", "coordinates": [-83.70260431492, 32.731564494598]}}, {"type": "Feature", "properties": {"name": "AllenSelfCo", "bucket": "tier1_micro_basic", "sector": "71"}, "geometry": {"type": "Point", "coordinates": [-83.765653213992, 32.880008790438]}}, {"type": "Feature", "properties": {"name": "FBC Macon LLC", "bucket": "tier5_driver_investor", "sector": "72"}, "geometry": {"type": "Point", "coordinates": [-83.627701879572, 32.837544118788]}}, {"type": "Feature", "properties": {"name": "1st Franklin Financial Corp - Macon 1", "bucket": "tier1_micro_basic", "sector": "52"}, "geometry": {"type": "Point", "coordinates": [-83.689539490497, 32.897917632791]}}, {"type": "Feature", "properties": {"name": "Going to Macon to Get the Bacon LLC", "bucket": "tier1_micro_basic", "sector": "56"}, "geometry": {"type": "Point", "coordinates": [-83.632548663491, 32.836815695448]}}, {"type": "Feature", "properties": {"name": "Georgia Pulmonary Institute, LLC", "bucket": "tier1_micro_basic", "sector": "62"}, "geometry": {"type": "Point", "coordinates": [-83.707155201135, 32.920825141163]}}, {"type": "Feature", "properties": {"name": "Accelecom", "bucket": "tier1_micro_basic", "sector": "51"}, "geometry": {"type": "Point", "coordinates": [-84.43374520642, 33.91046214064]}}, {"type": "Feature", "properties": {"name": "Ramaker", "bucket": "tier1_micro_basic", "sector": "54"}, "geometry": {"type": "Point", "coordinates": [-89.356130220572, 43.091546407245]}}, {"type": "Feature", "properties": {"name": "Onelife Fitness", "bucket": "tier1_micro_basic", "sector": "81"}, "geometry": {"type": "Point", "coordinates": [-83.689576423316, 32.89757457341]}}, {"type": "Feature", "properties": {"name": "Rex Supply", "bucket": "tier2_catalyst", "sector": "56"}, "geometry": {"type": "Point", "coordinates": [-83.624153454725, 32.831607367876]}}, {"type": "Feature", "properties": {"name": "Synovus", "bucket": "additional_listing", "sector": "52"}, "geometry": {"type": "Point", "coordinates": [-83.626241856742, 32.836662470997]}}, {"type": "Feature", "properties": {"name": "Synovus", "bucket": "additional_listing", "sector": "52"}, "geometry": {"type": "Point", "coordinates": [-83.680282765697, 32.613853958096]}}, {"type": "Feature", "properties": {"name": "Synovus", "bucket": "additional_listing", "sector": "52"}, "geometry": {"type": "Point", "coordinates": [-83.668000019943, 32.554833095107]}}, {"type": "Feature", "properties": {"name": "Macon GA Caregiving LLC", "bucket": "tier1_micro_basic", "sector": "62"}, "geometry": {"type": "Point", "coordinates": [-83.633741459771, 32.827900881502]}}, {"type": "Feature", "properties": {"name": "Pet Party Palace", "bucket": "tier1_micro_basic", "sector": "54"}, "geometry": {"type": "Point", "coordinates": [-83.628949569713, 32.833609690357]}}, {"type": "Feature", "properties": {"name": "Ashah Photography", "bucket": "tier2_catalyst", "sector": "54"}, "geometry": {"type": "Point", "coordinates": [-83.666695937562, 32.933977905301]}}, {"type": "Feature", "properties": {"name": "Still Waters Professional Counseling Services, Inc", "bucket": "tier1_micro_basic", "sector": "62"}, "geometry": {"type": "Point", "coordinates": [-83.631542330074, 32.834085811994]}}, {"type": "Feature", "properties": {"name": "Crofutt Careers and Consulting LLC", "bucket": "tier1_micro_basic", "sector": "56"}, "geometry": {"type": "Point", "coordinates": [-83.680445170347, 32.618535081501]}}, {"type": "Feature", "properties": {"name": "eco-X.travel, LLC", "bucket": "tier1_micro_basic", "sector": "56"}, "geometry": {"type": "Point", "coordinates": [-83.717418293293, 32.855984776908]}}, {"type": "Feature", "properties": {"name": "Elizabeth Schorr & Co.", "bucket": "tier1_micro_basic", "sector": "54"}, "geometry": {"type": "Point", "coordinates": [-83.637497681425, 32.838642496483]}}, {"type": "Feature", "properties": {"name": "Boss Salon Suites LLC", "bucket": "tier1_micro_basic", "sector": "81"}, "geometry": {"type": "Point", "coordinates": [-83.731186233296, 32.925084445172]}}, {"type": "Feature", "properties": {"name": "Ocmulgee Mounds Association", "bucket": "additional_listing", "sector": "unclassified"}, "geometry": {"type": "Point", "coordinates": [-83.604493919286, 32.84807341838]}}, {"type": "Feature", "properties": {"name": "Alex's PC Solutions LLC", "bucket": "tier3_community", "sector": "54"}, "geometry": {"type": "Point", "coordinates": [-83.632086495754, 32.844449189959]}}, {"type": "Feature", "properties": {"name": "Hardcore Storage Solutions", "bucket": "tier1_micro_basic", "sector": "31"}, "geometry": {"type": "Point", "coordinates": [-84.47393241359, 33.89292306842]}}, {"type": "Feature", "properties": {"name": "Gordon Animal Clinic, Inc", "bucket": "tier1_micro_basic", "sector": "54"}, "geometry": {"type": "Point", "coordinates": [-83.339724150779, 32.913738762874]}}, {"type": "Feature", "properties": {"name": "Wimberly Treadwell Designs", "bucket": "tier1_micro_basic", "sector": "54"}, "geometry": {"type": "Point", "coordinates": [-83.634823852059, 32.836065779971]}}, {"type": "Feature", "properties": {"name": "Baker Roofing Company", "bucket": "tier1_micro_basic", "sector": "23"}, "geometry": {"type": "Point", "coordinates": [-81.159362788445, 32.089747746138]}}, {"type": "Feature", "properties": {"name": "America's Home Place", "bucket": "tier1_micro_basic", "sector": "23"}, "geometry": {"type": "Point", "coordinates": [-83.727006248441, 32.931878560454]}}, {"type": "Feature", "properties": {"name": "Dream SAJ Corporation", "bucket": "tier1_micro_basic", "sector": "72"}, "geometry": {"type": "Point", "coordinates": [-83.706637337152, 32.815689643]}}, {"type": "Feature", "properties": {"name": "Cherry Street Energy", "bucket": "tier3_community", "sector": "22"}, "geometry": {"type": "Point", "coordinates": [-84.409782257162, 33.778745811799]}}, {"type": "Feature", "properties": {"name": "Macon Bibb Citizen Advocacy, Inc", "bucket": "tier1_micro_basic", "sector": "unclassified"}, "geometry": {"type": "Point", "coordinates": [-83.629124742387, 32.83671866917]}}, {"type": "Feature", "properties": {"name": "Sweet Affairz LLC", "bucket": "tier1_micro_basic", "sector": "72"}, "geometry": {"type": "Point", "coordinates": [-83.654711110815, 32.853702908497]}}, {"type": "Feature", "properties": {"name": "The Loaves and Fishes Ministry of Macon", "bucket": "tier1_micro_basic", "sector": "unclassified"}, "geometry": {"type": "Point", "coordinates": [-83.629062416074, 32.831184390231]}}, {"type": "Feature", "properties": {"name": "JBW Installations, Inc.", "bucket": "tier1_micro_basic", "sector": "23"}, "geometry": {"type": "Point", "coordinates": [-83.772602111283, 32.742482619963]}}, {"type": "Feature", "properties": {"name": "AngHubb Georgia Properties, LLC", "bucket": "tier1_micro_basic", "sector": "72"}, "geometry": {"type": "Point", "coordinates": [-83.636063251325, 32.843679303771]}}, {"type": "Feature", "properties": {"name": "Marketing USA and Civic Swag", "bucket": "tier1_micro_basic", "sector": "54"}, "geometry": {"type": "Point", "coordinates": [-83.255487174476, 33.115128362772]}}, {"type": "Feature", "properties": {"name": "Covenant Plumbing", "bucket": "tier1_micro_basic", "sector": "23"}, "geometry": {"type": "Point", "coordinates": [-83.729221721838, 32.827171533992]}}, {"type": "Feature", "properties": {"name": "Caring Transitions of Macon", "bucket": "tier2_catalyst", "sector": "62"}, "geometry": {"type": "Point", "coordinates": [-83.673790724363, 32.866737026749]}}, {"type": "Feature", "properties": {"name": "105holidayllc", "bucket": "tier1_micro_basic", "sector": "53"}, "geometry": {"type": "Point", "coordinates": [-83.685804808138, 32.899990085176]}}, {"type": "Feature", "properties": {"name": "Longleaf Distilling Co.", "bucket": "tier1_micro_basic", "sector": "72"}, "geometry": {"type": "Point", "coordinates": [-83.631886425957, 32.833089233384]}}, {"type": "Feature", "properties": {"name": "Liset's Accessories LLC", "bucket": "tier1_micro_basic", "sector": "44"}, "geometry": {"type": "Point", "coordinates": [-83.643599695194, 32.641310110092]}}, {"type": "Feature", "properties": {"name": "Theatre Macon", "bucket": "tier1_micro_basic", "sector": "71"}, "geometry": {"type": "Point", "coordinates": [-83.626517977884, 32.835001782034]}}, {"type": "Feature", "properties": {"name": "Rooted & Rounded Wellness LLC", "bucket": "tier2_catalyst", "sector": "81"}, "geometry": {"type": "Point", "coordinates": [-83.742747792831, 32.834066050442]}}, {"type": "Feature", "properties": {"name": "Macon Women's Health", "bucket": "tier1_micro_basic", "sector": "62"}, "geometry": {"type": "Point", "coordinates": [-83.638553121348, 32.835757244943]}}, {"type": "Feature", "properties": {"name": "Robins, Eskew, Smith & Jordan", "bucket": "tier1_micro_basic", "sector": "54"}, "geometry": {"type": "Point", "coordinates": [-84.218389763558, 33.494347161489]}}, {"type": "Feature", "properties": {"name": "Gilmer Warehouse", "bucket": "tier5_driver_investor", "sector": "42"}, "geometry": {"type": "Point", "coordinates": [-83.629633374631, 32.832998441208]}}, {"type": "Feature", "properties": {"name": "MAC.BID", "bucket": "tier1_micro_basic", "sector": "44"}, "geometry": {"type": "Point", "coordinates": [-83.713857045567, 32.820057757433]}}, {"type": "Feature", "properties": {"name": "Georgia Cancer Specialists - Macon", "bucket": "additional_listing", "sector": "62"}, "geometry": {"type": "Point", "coordinates": [-83.617494200119, 32.843612236952]}}, {"type": "Feature", "properties": {"name": "The Imaging Center of Warner Robins", "bucket": "additional_listing", "sector": "62"}, "geometry": {"type": "Point", "coordinates": [-83.671262174302, 32.618364081222]}}, {"type": "Feature", "properties": {"name": "Macon Northside PET", "bucket": "additional_listing", "sector": "62"}, "geometry": {"type": "Point", "coordinates": [-83.634963444436, 32.832192921117]}}, {"type": "Feature", "properties": {"name": "OrthoGeorgia Orthopaedic Urgent Care Warner Robins", "bucket": "additional_listing", "sector": "62"}, "geometry": {"type": "Point", "coordinates": [-83.689949995099, 32.613796154228]}}, {"type": "Feature", "properties": {"name": "OrthoGeorgia Bone Health Clinic", "bucket": "additional_listing", "sector": "62"}, "geometry": {"type": "Point", "coordinates": [-83.692169749199, 32.897149342881]}}, {"type": "Feature", "properties": {"name": "OrthoGeorgia Orthopaedic Urgent Care Macon", "bucket": "additional_listing", "sector": "62"}, "geometry": {"type": "Point", "coordinates": [-83.692169749199, 32.897149342881]}}, {"type": "Feature", "properties": {"name": "Goodrich Flooring Solutions", "bucket": "tier5_driver_investor", "sector": "23"}, "geometry": {"type": "Point", "coordinates": [-83.595055204974, 32.860857929284]}}, {"type": "Feature", "properties": {"name": "Mr. Davis Lawn Service LLC", "bucket": "tier1_micro_basic", "sector": "56"}, "geometry": {"type": "Point", "coordinates": [-83.703362036385, 32.888630147488]}}, {"type": "Feature", "properties": {"name": "Nicky's Janitorial Service LLC", "bucket": "tier1_micro_basic", "sector": "56"}, "geometry": {"type": "Point", "coordinates": [-83.495893064967, 32.884459480141]}}, {"type": "Feature", "properties": {"name": "YourHealth Macon", "bucket": "tier1_micro_basic", "sector": "62"}, "geometry": {"type": "Point", "coordinates": [-83.682091798784, 32.892918070525]}}, {"type": "Feature", "properties": {"name": "Alternative Youth Services", "bucket": "tier1_micro_basic", "sector": "62"}, "geometry": {"type": "Point", "coordinates": [-83.682091798784, 32.892918070525]}}, {"type": "Feature", "properties": {"name": "Macon Drinks LLC", "bucket": "tier1_micro_basic", "sector": "72"}, "geometry": {"type": "Point", "coordinates": [-83.631207601089, 32.836689284573]}}, {"type": "Feature", "properties": {"name": "AnchorPoint Retirement", "bucket": "tier1_micro_basic", "sector": "62"}, "geometry": {"type": "Point", "coordinates": [-83.759170858823, 32.879799680055]}}, {"type": "Feature", "properties": {"name": "PBK", "bucket": "tier3_community", "sector": "54"}, "geometry": {"type": "Point", "coordinates": [-84.256296005644, 33.247031249581]}}, {"type": "Feature", "properties": {"name": "Piedmont Macon Primary Care at Charter Blvd.", "bucket": "additional_listing", "sector": "62"}, "geometry": {"type": "Point", "coordinates": [-83.693371477761, 32.868075295953]}}, {"type": "Feature", "properties": {"name": "George S. Stefanis, MD, PC", "bucket": "tier1_micro_basic", "sector": "62"}, "geometry": {"type": "Point", "coordinates": [-83.714502360283, 32.931366724001]}}, {"type": "Feature", "properties": {"name": "Dream Clean Housekeeping Company LLC", "bucket": "tier1_micro_basic", "sector": "56"}, "geometry": {"type": "Point", "coordinates": [-83.648119791717, 32.856200070551]}}, {"type": "Feature", "properties": {"name": "Pruitt Place Peake Assisted and Independent Living", "bucket": "tier1_micro_basic", "sector": "62"}, "geometry": {"type": "Point", "coordinates": [-83.746037837348, 32.873240357774]}}, {"type": "Feature", "properties": {"name": "Pruitt Healthcare", "bucket": "tier1_micro_basic", "sector": "62"}, "geometry": {"type": "Point", "coordinates": [-83.692261016381, 32.867394243372]}}, {"type": "Feature", "properties": {"name": "ACE I Access to Capital for Entrepreneurs", "bucket": "tier2_catalyst", "sector": "52"}, "geometry": {"type": "Point", "coordinates": [-83.505777000609, 31.462232230342]}}, {"type": "Feature", "properties": {"name": "Get Busy Living Inc", "bucket": "tier1_micro_basic", "sector": "81"}, "geometry": {"type": "Point", "coordinates": [-83.736630163186, 32.747504073107]}}, {"type": "Feature", "properties": {"name": "FreeUP Storage", "bucket": "tier1_micro_basic", "sector": "48"}, "geometry": {"type": "Point", "coordinates": [-83.654862996057, 32.82352194868]}}, {"type": "Feature", "properties": {"name": "Gallagher Benefit Services", "bucket": "tier1_micro_basic", "sector": "52"}, "geometry": {"type": "Point", "coordinates": [-83.68724245955, 32.905905361091]}}, {"type": "Feature", "properties": {"name": "Merle Norman and Day Spa", "bucket": "tier1_micro_basic", "sector": "44"}, "geometry": {"type": "Point", "coordinates": [-83.731627691829, 32.925273998022]}}, {"type": "Feature", "properties": {"name": "DHM Macon LP", "bucket": "tier2_catalyst", "sector": "53"}, "geometry": {"type": "Point", "coordinates": [-83.766542544337, 32.880012531799]}}, {"type": "Feature", "properties": {"name": "Whole Child - Whole World School, Inc.", "bucket": "tier1_micro_basic", "sector": "61"}, "geometry": {"type": "Point", "coordinates": [-83.702124929162, 32.90677023763]}}, {"type": "Feature", "properties": {"name": "Robin Gatti Photography", "bucket": "tier2_catalyst", "sector": "54"}, "geometry": {"type": "Point", "coordinates": [-83.674877315701, 32.850891070481]}}, {"type": "Feature", "properties": {"name": "Spark By Hilton Macon North", "bucket": "tier1_micro_basic", "sector": "72"}, "geometry": {"type": "Point", "coordinates": [-83.693573100067, 32.910023556933]}}, {"type": "Feature", "properties": {"name": "Storage Sense - Macon", "bucket": "tier1_micro_basic", "sector": "48"}, "geometry": {"type": "Point", "coordinates": [-83.671555827022, 32.814495145199]}}, {"type": "Feature", "properties": {"name": "DKH Entertainment, LLC", "bucket": "tier1_micro_basic", "sector": "71"}, "geometry": {"type": "Point", "coordinates": [-83.724520183221, 32.907667795042]}}, {"type": "Feature", "properties": {"name": "St. Joseph's Catholic School", "bucket": "tier1_micro_basic", "sector": "61"}, "geometry": {"type": "Point", "coordinates": [-83.635917143595, 32.837214087575]}}, {"type": "Feature", "properties": {"name": "Affordable Plumbing Solutions, Inc", "bucket": "tier1_micro_basic", "sector": "23"}, "geometry": {"type": "Point", "coordinates": [-83.749194407561, 32.444872586779]}}, {"type": "Feature", "properties": {"name": "SCB Minerals, LLC", "bucket": "tier1_micro_basic", "sector": "21"}, "geometry": {"type": "Point", "coordinates": [-84.070511297341, 32.285000451667]}}, {"type": "Feature", "properties": {"name": "ReFrame Weight Loss & Wellness Inc.", "bucket": "tier1_micro_basic", "sector": "62"}, "geometry": {"type": "Point", "coordinates": [-83.721511511296, 32.936598769833]}}, {"type": "Feature", "properties": {"name": "Carter Engineering Group, LLC", "bucket": "tier1_micro_basic", "sector": "54"}, "geometry": {"type": "Point", "coordinates": [-83.757784821771, 32.871606881838]}}, {"type": "Feature", "properties": {"name": "PAMG, Inc.", "bucket": "tier1_micro_basic", "sector": "31"}, "geometry": {"type": "Point", "coordinates": [-83.632238102031, 32.81233382056]}}, {"type": "Feature", "properties": {"name": "TownePlace Suites Macon - Mercer University", "bucket": "tier1_micro_basic", "sector": "72"}, "geometry": {"type": "Point", "coordinates": [-83.654421918743, 32.825643965052]}}, {"type": "Feature", "properties": {"name": "Qalam wa Lawh", "bucket": "tier1_micro_basic", "sector": "61"}, "geometry": {"type": "Point", "coordinates": [-83.556933418195, 32.843933591019]}}, {"type": "Feature", "properties": {"name": "Piedmont Macon Primary Care at Bass Rd.", "bucket": "additional_listing", "sector": "62"}, "geometry": {"type": "Point", "coordinates": [-83.725160186649, 32.830813486935]}}, {"type": "Feature", "properties": {"name": "Julie Dominy Floral Artistry", "bucket": "tier1_micro_basic", "sector": "44"}, "geometry": {"type": "Point", "coordinates": [-83.674802648443, 32.852158187771]}}, {"type": "Feature", "properties": {"name": "Macon-Bibb Employees Credit Union", "bucket": "tier1_micro_basic", "sector": "52"}, "geometry": {"type": "Point", "coordinates": [-83.615670313235, 32.832177949761]}}, {"type": "Feature", "properties": {"name": "Wanna Tuft Studios", "bucket": "tier1_micro_basic", "sector": "71"}, "geometry": {"type": "Point", "coordinates": [-83.633741459771, 32.827900881502]}}, {"type": "Feature", "properties": {"name": "Bey and Associates, LLC", "bucket": "tier3_community", "sector": "54"}, "geometry": {"type": "Point", "coordinates": [-83.63619720288, 32.838278087522]}}, {"type": "Feature", "properties": {"name": "Macon AIM, Inc", "bucket": "tier1_micro_basic", "sector": "unclassified"}, "geometry": {"type": "Point", "coordinates": [-83.662513682193, 32.850890112589]}}, {"type": "Feature", "properties": {"name": "Westhill Macon", "bucket": "tier2_catalyst", "sector": "62"}, "geometry": {"type": "Point", "coordinates": [-83.741182494119, 32.925827210866]}}, {"type": "Feature", "properties": {"name": "Emory Healthcare Warner Robins", "bucket": "tier1_micro_basic", "sector": "62"}, "geometry": {"type": "Point", "coordinates": [-83.629517598086, 32.618150488432]}}, {"type": "Feature", "properties": {"name": "Ballard Construction Group", "bucket": "tier1_micro_basic", "sector": "23"}, "geometry": {"type": "Point", "coordinates": [-83.70709208325, 32.860322350753]}}, {"type": "Feature", "properties": {"name": "Pharmacy Bar LLC", "bucket": "tier1_micro_basic", "sector": "72"}, "geometry": {"type": "Point", "coordinates": [-83.628729980205, 32.836816704281]}}, {"type": "Feature", "properties": {"name": "Conner Gun Supply", "bucket": "tier1_micro_basic", "sector": "44"}, "geometry": {"type": "Point", "coordinates": [-83.681734054376, 32.616373469333]}}, {"type": "Feature", "properties": {"name": "Sculpting Choices LLC", "bucket": "tier1_micro_basic", "sector": "62"}, "geometry": {"type": "Point", "coordinates": [-83.641489469277, 32.839974643916]}}, {"type": "Feature", "properties": {"name": "CGR Credit Union", "bucket": "tier2_catalyst", "sector": "52"}, "geometry": {"type": "Point", "coordinates": [-83.64637673141, 32.85513509659]}}, {"type": "Feature", "properties": {"name": "Crisis Line & Safe House of Central Georgia, Inc.", "bucket": "tier1_micro_basic", "sector": "unclassified"}, "geometry": {"type": "Point", "coordinates": [-83.632346966838, 32.841538229292]}}, {"type": "Feature", "properties": {"name": "Ronald McDonald House Charities of Central Georgia", "bucket": "tier1_micro_basic", "sector": "unclassified"}, "geometry": {"type": "Point", "coordinates": [-83.639821006131, 32.83602346658]}}, {"type": "Feature", "properties": {"name": "Eiszner & Kelly Restaurants LLC", "bucket": "tier2_catalyst", "sector": "72"}, "geometry": {"type": "Point", "coordinates": [-83.628760705026, 32.836380816552]}}, {"type": "Feature", "properties": {"name": "Our Gift to You, LLC", "bucket": "tier3_community", "sector": "62"}, "geometry": {"type": "Point", "coordinates": [-83.772303546183, 32.880107285049]}}, {"type": "Feature", "properties": {"name": "Stokes Land Management", "bucket": "tier2_catalyst", "sector": "56"}, "geometry": {"type": "Point", "coordinates": [-83.865118277488, 32.923618531149]}}, {"type": "Feature", "properties": {"name": "Steve's Corner Cafe, Inc", "bucket": "tier1_micro_basic", "sector": "72"}, "geometry": {"type": "Point", "coordinates": [-83.688001783967, 32.90856588772]}}, {"type": "Feature", "properties": {"name": "Blue Chip Branding & Headshots", "bucket": "tier1_micro_basic", "sector": "54"}, "geometry": {"type": "Point", "coordinates": [-83.659480406908, 32.847931008206]}}, {"type": "Feature", "properties": {"name": "Blue Chip Custom Website Design", "bucket": "additional_listing", "sector": "54"}, "geometry": {"type": "Point", "coordinates": [-83.659480406908, 32.847931008206]}}, {"type": "Feature", "properties": {"name": "NAG Enterprise Group", "bucket": "tier5_driver_investor", "sector": "62"}, "geometry": {"type": "Point", "coordinates": [-83.705050649512, 32.89831175211]}}, {"type": "Feature", "properties": {"name": "Partners Benefit Group, LLC", "bucket": "tier1_micro_basic", "sector": "52"}, "geometry": {"type": "Point", "coordinates": [-83.769037852341, 31.962682871708]}}, {"type": "Feature", "properties": {"name": "Wire 3", "bucket": "tier2_catalyst", "sector": "51"}, "geometry": {"type": "Point", "coordinates": [-81.086592346996, 29.203060284198]}}, {"type": "Feature", "properties": {"name": "Cornerstone Academy of Art and Design, Inc.", "bucket": "tier2_catalyst", "sector": "61"}, "geometry": {"type": "Point", "coordinates": [-83.641489469277, 32.839974643916]}}, {"type": "Feature", "properties": {"name": "The Darby & Munroe Private Family Foundation", "bucket": "tier1_micro_basic", "sector": "unclassified"}, "geometry": {"type": "Point", "coordinates": [-83.713578083759, 32.819166888568]}}, {"type": "Feature", "properties": {"name": "Dental Care Center of Macon Inc.", "bucket": "tier2_catalyst", "sector": "62"}, "geometry": {"type": "Point", "coordinates": [-83.690384465554, 32.820506410917]}}, {"type": "Feature", "properties": {"name": "Big City Tax LLC. JJ", "bucket": "tier2_catalyst", "sector": "52"}, "geometry": {"type": "Point", "coordinates": [-83.744616975759, 32.834231568633]}}, {"type": "Feature", "properties": {"name": "MJR Solutions", "bucket": "tier1_micro_basic", "sector": "23"}, "geometry": {"type": "Point", "coordinates": [-84.623396670105, 32.861597253874]}}, {"type": "Feature", "properties": {"name": "Big Brothers Big Sisters of the Heart of Georgia, Inc.", "bucket": "tier1_micro_basic", "sector": "unclassified"}, "geometry": {"type": "Point", "coordinates": [-83.62332436408, 32.848145437666]}}, {"type": "Feature", "properties": {"name": "Piedmont Primary Care at Macon Medical", "bucket": "additional_listing", "sector": "62"}, "geometry": {"type": "Point", "coordinates": [-83.617305850894, 32.846071991984]}}, {"type": "Feature", "properties": {"name": "Orangetheory Fitness", "bucket": "tier1_micro_basic", "sector": "81"}, "geometry": {"type": "Point", "coordinates": [-83.695702093919, 32.867114091026]}}, {"type": "Feature", "properties": {"name": "TwelveStone Infusion Center", "bucket": "tier1_micro_basic", "sector": "62"}, "geometry": {"type": "Point", "coordinates": [-83.714502360283, 32.931366724001]}}, {"type": "Feature", "properties": {"name": "Sweet Eleanor's Divine Desserts", "bucket": "additional_listing", "sector": "72"}, "geometry": {"type": "Point", "coordinates": [-83.629233935027, 32.834487534441]}}, {"type": "Feature", "properties": {"name": "Goshen and Burns Enterprises, Inc", "bucket": "tier5_driver_investor", "sector": "72"}, "geometry": {"type": "Point", "coordinates": [-83.712776224059, 32.927746615856]}}, {"type": "Feature", "properties": {"name": "Highland Pointe", "bucket": "tier2_catalyst", "sector": "53"}, "geometry": {"type": "Point", "coordinates": [-83.71940761446, 32.736254120389]}}, {"type": "Feature", "properties": {"name": "Cassidy Dental Associates", "bucket": "tier1_micro_basic", "sector": "62"}, "geometry": {"type": "Point", "coordinates": [-83.636210814714, 32.845518368193]}}, {"type": "Feature", "properties": {"name": "MFA Program Management", "bucket": "tier5_driver_investor", "sector": "54"}, "geometry": {"type": "Point", "coordinates": [-89.866437214469, 35.110565109486]}}, {"type": "Feature", "properties": {"name": "T-Fiber by T-Mobile", "bucket": "tier1_micro_basic", "sector": "51"}, "geometry": {"type": "Point", "coordinates": [-83.713976046306, 32.929498702275]}}, {"type": "Feature", "properties": {"name": "Salvation Army (Macon Corps)", "bucket": "tier1_micro_basic", "sector": "unclassified"}, "geometry": {"type": "Point", "coordinates": [-83.639742438735, 32.817938864891]}}, {"type": "Feature", "properties": {"name": "Neel's Lofts Operating LLC", "bucket": "tier1_micro_basic", "sector": "53"}, "geometry": {"type": "Point", "coordinates": [-83.626918936831, 32.8352764985]}}, {"type": "Feature", "properties": {"name": "Rebecca Moody Coaching", "bucket": "tier1_micro_basic", "sector": "81"}, "geometry": {"type": "Point", "coordinates": [-83.889114799124, 32.931831035965]}}, {"type": "Feature", "properties": {"name": "Direct Auto Insurance", "bucket": "tier1_micro_basic", "sector": "52"}, "geometry": {"type": "Point", "coordinates": [-83.613962902571, 32.861266270238]}}, {"type": "Feature", "properties": {"name": "Leonard USA", "bucket": "tier2_catalyst", "sector": "48"}, "geometry": {"type": "Point", "coordinates": [-83.66844814929, 32.78958875367]}}, {"type": "Feature", "properties": {"name": "Amwaste of Georgia, LLC", "bucket": "tier3_community", "sector": "56"}, "geometry": {"type": "Point", "coordinates": [-83.937034197115, 33.037367592052]}}, {"type": "Feature", "properties": {"name": "MJM Consolidated Services, Inc.", "bucket": "tier1_micro_basic", "sector": "54"}, "geometry": {"type": "Point", "coordinates": [-83.627283421175, 32.833080756459]}}, {"type": "Feature", "properties": {"name": "Autism Behavioral Institute, LLC", "bucket": "tier2_catalyst", "sector": "62"}, "geometry": {"type": "Point", "coordinates": [-83.712160807869, 32.926359545925]}}, {"type": "Feature", "properties": {"name": "Rebel Fox", "bucket": "tier1_micro_basic", "sector": "54"}, "geometry": {"type": "Point", "coordinates": [-80.125221770857, 40.665879870781]}}, {"type": "Feature", "properties": {"name": "EDWARD Transportation and Media Consulting LLC", "bucket": "tier1_micro_basic", "sector": "48"}, "geometry": {"type": "Point", "coordinates": [-81.589598598105, 31.106754837265]}}, {"type": "Feature", "properties": {"name": "Andalusia", "bucket": "additional_listing", "sector": "72"}, "geometry": {"type": "Point", "coordinates": [-83.629999208797, 32.835521200158]}}, {"type": "Feature", "properties": {"name": "Kinder Morgan", "bucket": "tier4_regional_stakeholder", "sector": "48"}, "geometry": {"type": "Point", "coordinates": [-95.367495824586, 29.758442000617]}}, {"type": "Feature", "properties": {"name": "Alzheimer's Disease and Related Disorders Association", "bucket": "tier1_micro_basic", "sector": "unclassified"}, "geometry": {"type": "Point", "coordinates": [-83.674972083123, 32.888113756411]}}, {"type": "Feature", "properties": {"name": "KDD Smash LLC", "bucket": "tier1_micro_basic", "sector": "71"}, "geometry": {"type": "Point", "coordinates": [-83.775328255166, 32.880554783035]}}, {"type": "Feature", "properties": {"name": "Crawlspace Medic of Macon", "bucket": "tier1_micro_basic", "sector": "23"}, "geometry": {"type": "Point", "coordinates": [-83.676588557318, 32.816283698812]}}, {"type": "Feature", "properties": {"name": "Groome Transportation of Georgia LLC", "bucket": "tier1_micro_basic", "sector": "48"}, "geometry": {"type": "Point", "coordinates": [-83.703570743397, 32.917788025009]}}, {"type": "Feature", "properties": {"name": "The King Firm", "bucket": "tier1_micro_basic", "sector": "54"}, "geometry": {"type": "Point", "coordinates": [-83.632437729115, 32.840417913227]}}, {"type": "Feature", "properties": {"name": "S&ME, Inc.", "bucket": "tier1_micro_basic", "sector": "54"}, "geometry": {"type": "Point", "coordinates": [-84.168222790959, 34.018331666678]}}, {"type": "Feature", "properties": {"name": "House Cocktails", "bucket": "tier1_micro_basic", "sector": "72"}, "geometry": {"type": "Point", "coordinates": [-83.628633842096, 32.836927002265]}}, {"type": "Feature", "properties": {"name": "The Dress Bar", "bucket": "tier2_catalyst", "sector": "44"}, "geometry": {"type": "Point", "coordinates": [-83.628276034214, 32.836230823258]}}, {"type": "Feature", "properties": {"name": "Nick Schnyder Law Firm, LLC", "bucket": "tier1_micro_basic", "sector": "54"}, "geometry": {"type": "Point", "coordinates": [-83.671271363152, 32.848129175674]}}, {"type": "Feature", "properties": {"name": "TwentyOne Macon", "bucket": "tier1_micro_basic", "sector": "72"}, "geometry": {"type": "Point", "coordinates": [-83.641489469277, 32.839974643916]}}, {"type": "Feature", "properties": {"name": "Hawk Injury Law", "bucket": "tier1_micro_basic", "sector": "unclassified"}, "geometry": {"type": "Point", "coordinates": [-83.714502360283, 32.931366724001]}}, {"type": "Feature", "properties": {"name": "Boys & Girls Clubs of Central Georgia", "bucket": "tier1_micro_basic", "sector": "unclassified"}, "geometry": {"type": "Point", "coordinates": [-83.6504212, 32.8208188]}}, {"type": "Feature", "properties": {"name": "Cherokee Brick", "bucket": "tier3_community", "sector": "23"}, "geometry": {"type": "Point", "coordinates": [-83.6361933, 32.8142848]}}, {"type": "Feature", "properties": {"name": "Fort Valley State University", "bucket": "tier1_micro_basic", "sector": "61"}, "geometry": {"type": "Point", "coordinates": [-83.8950462, 32.5336633]}}, {"type": "Feature", "properties": {"name": "Goodwill Industries of Middle Georgia, Inc.", "bucket": "tier1_micro_basic", "sector": "unclassified"}, "geometry": {"type": "Point", "coordinates": [-83.732625, 32.8033088]}}, {"type": "Feature", "properties": {"name": "Visit Macon", "bucket": "tier1_micro_basic", "sector": "71"}, "geometry": {"type": "Point", "coordinates": [-83.6261825, 32.8337554]}}, {"type": "Feature", "properties": {"name": "The Arc Macon", "bucket": "tier1_micro_basic", "sector": "unclassified"}, "geometry": {"type": "Point", "coordinates": [-83.6983545, 32.9133417]}}, {"type": "Feature", "properties": {"name": "Middle Georgia State University", "bucket": "tier5_driver_investor", "sector": "61"}, "geometry": {"type": "Point", "coordinates": [-83.7350392, 32.8091578]}}, {"type": "Feature", "properties": {"name": "Navicent Health Foundation, Inc.", "bucket": "tier1_micro_basic", "sector": "unclassified"}, "geometry": {"type": "Point", "coordinates": [-83.6959982, 32.898086]}}, {"type": "Feature", "properties": {"name": "Museum of Aviation Foundation", "bucket": "tier1_micro_basic", "sector": "71"}, "geometry": {"type": "Point", "coordinates": [-83.5868744, 32.5918603]}}, {"type": "Feature", "properties": {"name": "Natalia's", "bucket": "additional_listing", "sector": "72"}, "geometry": {"type": "Point", "coordinates": [-83.7369775, 32.9273327]}}, {"type": "Feature", "properties": {"name": "Donny's Propane Gas", "bucket": "tier1_micro_basic", "sector": "44"}, "geometry": {"type": "Point", "coordinates": [-83.65732, 32.7292106]}}, {"type": "Feature", "properties": {"name": "Lullwater at Bass Apartments", "bucket": "tier1_micro_basic", "sector": "53"}, "geometry": {"type": "Point", "coordinates": [-83.7458857, 32.8846838]}}, {"type": "Feature", "properties": {"name": "Hilton Garden Inn", "bucket": "tier1_micro_basic", "sector": "72"}, "geometry": {"type": "Point", "coordinates": [-83.6557234, 32.8263493]}}, {"type": "Feature", "properties": {"name": "Hotel Management & Consulting", "bucket": "tier1_micro_basic", "sector": "72"}, "geometry": {"type": "Point", "coordinates": [-83.72767, 32.9253178]}}, {"type": "Feature", "properties": {"name": "ServiceMaster of Middle GA", "bucket": "tier1_micro_basic", "sector": "23"}, "geometry": {"type": "Point", "coordinates": [-83.7426395, 32.6216094]}}, {"type": "Feature", "properties": {"name": "Communities In Schools of Central Georgia", "bucket": "tier1_micro_basic", "sector": "61"}, "geometry": {"type": "Point", "coordinates": [-83.6504212, 32.8208188]}}, {"type": "Feature", "properties": {"name": "Kumho Tire Georgia, Inc.", "bucket": "tier3_community", "sector": "31"}, "geometry": {"type": "Point", "coordinates": [-83.6550431, 32.7435832]}}, {"type": "Feature", "properties": {"name": "Archway Transitional Care Center", "bucket": "tier2_catalyst", "sector": "62"}, "geometry": {"type": "Point", "coordinates": [-83.6588081, 32.7856778]}}, {"type": "Feature", "properties": {"name": "Adams Homes AEC, LLC", "bucket": "tier1_micro_basic", "sector": "23"}, "geometry": {"type": "Point", "coordinates": [-84.1731271, 33.4349891]}}, {"type": "Feature", "properties": {"name": "Riverside Storage", "bucket": "tier1_micro_basic", "sector": "48"}, "geometry": {"type": "Point", "coordinates": [-83.6218137, 32.8367176]}}, {"type": "Feature", "properties": {"name": "Budget Blinds of Warner Robins", "bucket": "tier1_micro_basic", "sector": "44"}, "geometry": {"type": "Point", "coordinates": [-83.6662259, 32.5928651]}}, {"type": "Feature", "properties": {"name": "Magnolia Claim Management", "bucket": "tier1_micro_basic", "sector": "52"}, "geometry": {"type": "Point", "coordinates": [-83.9238359, 33.0331657]}}, {"type": "Feature", "properties": {"name": "Baldwin Communication Solutions LLC", "bucket": "tier1_micro_basic", "sector": "56"}, "geometry": {"type": "Point", "coordinates": [-84.0977148, 33.3474427]}}, {"type": "Feature", "properties": {"name": "Inees\u2019s Faithful Steps Learning Center", "bucket": "tier1_micro_basic", "sector": "61"}, "geometry": {"type": "Point", "coordinates": [-83.6504212, 32.8208188]}}, {"type": "Feature", "properties": {"name": "Graphic Packaging International, Inc.", "bucket": "tier5_driver_investor", "sector": "31"}, "geometry": {"type": "Point", "coordinates": [-83.6300755, 32.7724363]}}, {"type": "Feature", "properties": {"name": "American Red Cross of Central Georgia", "bucket": "tier1_micro_basic", "sector": "unclassified"}, "geometry": {"type": "Point", "coordinates": [-83.7314672, 32.9281229]}}, {"type": "Feature", "properties": {"name": "Elite Environmental Services, Inc", "bucket": "tier1_micro_basic", "sector": "56"}, "geometry": {"type": "Point", "coordinates": [-83.6265536, 32.8341817]}}, {"type": "Feature", "properties": {"name": "YKK AP America Inc.", "bucket": "tier3_community", "sector": "31"}, "geometry": {"type": "Point", "coordinates": [-83.5428117, 32.8205229]}}, {"type": "Feature", "properties": {"name": "Middle Georgia Heart", "bucket": "tier2_catalyst", "sector": "62"}, "geometry": {"type": "Point", "coordinates": [-83.7314672, 32.9281229]}}, {"type": "Feature", "properties": {"name": "Ashley's Business Solutions, Inc.", "bucket": "tier1_micro_basic", "sector": "42"}, "geometry": {"type": "Point", "coordinates": [-83.7314672, 32.9281229]}}, {"type": "Feature", "properties": {"name": "PruittHealth Hospice and Palliative Care of Macon", "bucket": "tier1_micro_basic", "sector": "62"}, "geometry": {"type": "Point", "coordinates": [-83.7314672, 32.9281229]}}, {"type": "Feature", "properties": {"name": "BrightFarms, Inc", "bucket": "tier5_driver_investor", "sector": "11"}, "geometry": {"type": "Point", "coordinates": [-83.6314647, 32.6980089]}}, {"type": "Feature", "properties": {"name": "Katherine L McArthur LLC", "bucket": "tier1_micro_basic", "sector": "54"}, "geometry": {"type": "Point", "coordinates": [-83.7314672, 32.9281229]}}]}