"907","240 Third Street, Macon, GA, 31202","Match","Non_Exact","240 3RD ST, MACON, GA, 31201","-83.625308921969,32.837913729688","81085891","R"
"63069","4315 Fulton Mill Road, Macon, GA, 31216","Match","Exact","4315 FULTON MILL RD, MACON, GA, 31216","-83.757045130423,32.784601419892","636327336","L"
"1341","3625 Pio Nono Avenue, Macon, GA, 31206","Match","Exact","3625 PIO NONO AVE, MACON, GA, 31206","-83.665871671844,32.798123733304","644985749","R"
"1340","1104 Gray Highway, Macon, GA, 31211","Match","Exact","1104 GRAY HWY, MACON, GA, 31211","-83.617492738195,32.855774128014","81062420","L"
"74079","233 Belvedere Drive, Macon, GA, 31204","Match","Exact","233 BELVEDERE DR, MACON, GA, 31204","-83.681261431809,32.859872286195","81058767","R"
"75167","5433 Bowman Road, Macon, GA, 31210","Match","Exact","5433 BOWMAN RD, MACON, GA, 31210","-83.731406962563,32.925179221597","81074902","L"
"78681","5437 Bowman Road, Macon, GA, 31210","Match","Exact","5437 BOWMAN RD, MACON, GA, 31210","-83.731627691829,32.925273998022","81074902","L"
"74073","5962 Zebulon Road, #235, Macon, GA, 31210","Match","Exact","5962 ZEBULON RD, MACON, GA, 31210","-83.759170858823,32.879799680055","650752564","R"
"78321","1083 Washington Avenue, Macon, GA, 31201","Match","Exact","1083 WASHINGTON AVE, MACON, GA, 31201","-83.637497681425,32.838642496483","81061829","R"
"1216","4315 Hartley Bridge Road, Macon, GA, 31216","Match","Exact","4315 HARTLEY BRIDGE RD, MACON, GA, 31216","-83.713406286025,32.742648732879","656405510","R"
"75161","4705 Northside Drive Suite 100, Macon, GA, 31210","Match","Exact","4705 NORTHSIDE DR, MACON, GA, 31210","-83.713891139585,32.90387243028","81074869","R"
"78683","600 Lamar Road North, Macon, GA, 31210","Match","Non_Exact","600 LAMAR RD, MACON, GA, 31210","-83.766542544337,32.880012531799","650752093","L"
"1215","700 Walnut Street, Macon, GA, 31201","Match","Exact","700 WALNUT ST, MACON, GA, 31201","-83.628419843547,32.84011720196","81062756","L"
"1336","5928 Zebulon Road, Macon, GA, 31210","Match","Exact","5928 ZEBULON RD, MACON, GA, 31210","-83.75875998491,32.879807071866","650752564","R"
"1214","614 Shurling Drive, Macon, GA, 31211","Match","Exact","614 SHURLING DR, MACON, GA, 31211","-83.613522088497,32.859654026197","81062440","L"
"10537","3448 Vineville Avenue, Macon, GA, 31204","Match","Exact","3448 VINEVILLE AVE, MACON, GA, 31204","-83.681859719434,32.857052797632","81058766","L"
"78201","170 Poplar Street, Macon, GA, 31201","Match","Exact","170 POPLAR ST, MACON, GA, 31201","-83.624153454725,32.831607367876","81063199","L"
"78564","1219 Timberlane Drive, Macon, GA, 31210","Match","Exact","1219 TIMBERLANE DR, MACON, GA, 31210","-83.703362036385,32.888630147488","81057030","R"
"1213","4699 Log Cabin Drive, Macon, GA, 31204","Match","Exact","4699 LOG CABIN DR, MACON, GA, 31204","-83.708677097517,32.816550560599","81083634","R"
"1334","3600 Mercer University Drive, Macon, GA, 31204","Match","Exact","3600 MERCER UNIVERSITY DR, MACON, GA, 31204","-83.695752192991,32.821001911561","655849164","L"
"78688","6055 Lakeside Commons Drive, Macon, GA, 31210","No_Match"
"1333","2998 Riverside Drive, Macon, GA, 31204","Match","Exact","2998 RIVERSIDE DR, MACON, GA, 31204","-83.673298003635,32.886084550373","81057331","L"
"78324","5429 Bowman Road, Suite 100, Macon, GA, 31210","Match","Exact","5429 BOWMAN RD, MACON, GA, 31210","-83.731186233296,32.925084445172","81074902","L"
"78566","940 Haley Street, Macon, GA, 31217","Match","Exact","940 HALEY ST, MACON, GA, 31217","-83.495893064967,32.884459480141","611650819","L"
"1211","4219 Forsyth Road, Macon, GA, 31210","Match","Exact","4219 FORSYTH RD, MACON, GA, 31210","-83.693947366197,32.866098138428","81078436","R"
"1331","606 Cherry Street, Macon, GA, 31201","Match","Exact","606 CHERRY ST, MACON, GA, 31201","-83.62917630555,32.836608755869","81062840","L"
"78447","1125 Bond Street, Macon, GA, 31201","Match","Exact","1125 BOND ST, MACON, GA, 31201","-83.636063251325,32.843679303771","81061814","R"
"78568","3312 Northside Drive, Macon, GA, 31210","Match","Exact","3312 NORTHSIDE DR, MACON, GA, 31210","-83.682091798784,32.892918070525","81069934","L"
"911","915 Hill Park, Suite 101, Macon, GA, 31201","Match","Exact","915 HILL PARK, MACON, GA, 31201","-83.632346966838,32.841538229292","81062686","R"
"912","300 Mulberry Street, Suite 300, Macon, GA, 31201","Match","Exact","300 MULBERRY ST, MACON, GA, 31201","-83.624342476716,32.835790928294","81085938","L"
"10893","440 Martin Luther King, Jr. Blvd., Macon, GA, 31201","No_Match"
"913","479 Second Street, Macon, GA, 31201","Match","Exact","479 2ND ST, MACON, GA, 31201","-83.629858301109,32.835688615231","81084110","R"
"916","MSC # 115, 777 Hemlock Street, Macon, GA, 31201","Match","Non_Exact","777 HEMLOCK ST, MACON, GA, 31201","-83.636290487022,32.833119615795","81084085","R"
"10534","213 Third Street, Macon, GA, 31201","Match","Exact","213 3RD ST, MACON, GA, 31201","-83.62554493233,32.838295110737","81062972","R"
"11865","660 Peavy Road, Byron, GA, 31088","No_Match"
"918","5925 Zebulon Road, Macon, GA, 31210","Match","Exact","5925 ZEBULON RD, MACON, GA, 31210","-83.758397923091,32.879913917283","636328134","L"
"919","3797 Northside Drive, Macon, GA, 31210","Match","Exact","3797 NORTHSIDE DR, MACON, GA, 31210","-83.693014845496,32.897622066317","81080216","L"
"1231","2618 Riverside Drive, Macon, GA, 31204","Match","Exact","2618 RIVERSIDE DR, MACON, GA, 31204","-83.663313056725,32.874095558691","81084633","L"
"75298","496 Second Street, Macon, GA, 31201","Match","Exact","496 2ND ST, MACON, GA, 31201","-83.629887177536,32.835455844407","81084110","L"
"75296","3424 Peachtree Road NE, Suite 2300, Atlanta, GA, 30326","Match","Exact","3424 PEACHTREE RD NE, ATLANTA, GA, 30326","-84.362760192971,33.849900958157","650072860","L"
"78671","1955 Dove Street, Macon, GA, 31204","Match","Exact","1955 DOVE ST, MACON, GA, 31204","-83.654862996057,32.82352194868","81061519","R"
"76493","P.O. Box 5395, Macon, GA, 31208","No_Match"
"1228","1572 Schofield Street, Macon, GA, 31201","Match","Exact","1572 SCHOFIELD ST, MACON, GA, 31201","-83.639797666603,32.848777657868","81061186","L"
"78430","651 Martin Luther King Jr. Blvd, Macon, GA, 31201","Match","Exact","651 MARTIN LUTHER KING JR BLVD, MACON, GA, 31201","-83.629062416074,32.831184390231","81063073","R"
"78793","971 Washington Avenue, Macon, GA, 31201","Match","Exact","971 WASHINGTON AVE, MACON, GA, 31201","-83.63619720288,32.838278087522","81061829","R"
"56788","5080 Riverside Drive, # 1500, Macon, GA, 31210","Match","Exact","5080 RIVERSIDE DR, MACON, GA, 31210","-83.713976046306,32.929498702275","81086310","L"
"78312","997 Celebration Court, Locust Grove, GA, 30248","No_Match"
"1346","P.O. Box 6968, Warner Robins, GA, 31095","No_Match"
"78795","304 Pierce Avenue, Macon, GA, 31204","Match","Exact","304 PIERCE AVE, MACON, GA, 31204","-83.662513682193,32.850890112589","81076595","L"
"1344","310 Cherry Street, Macon, GA, 31201","Match","Exact","310 CHERRY ST, MACON, GA, 31201","-83.625229924731,32.834226923419","81063005","L"
"78676","3920 Arkwright Road, Suite 380, Box 31, Macon, Georgia, 31210","Match","Exact","3920 ARKWRIGHT RD, MACON, GA, 31210","-83.68724245955,32.905905361091","640442137","L"
"78437","410 Green Fern Road, Lizella, GA, 31052","Match","Exact","410 GREEN FERN RD, LIZELLA, GA, 31052","-83.772602111283,32.742482619963","650733892","L"
"922","3780 Eisenhower Parkway, Macon, GA, 31206","Match","Exact","3780 EISENHOWER PKWY, MACON, GA, 31206","-83.702698992384,32.815975028329","639987874","L"
"78317","305 Treyburne Court, Macon, GA, 31210","Match","Exact","305 TREYBURNE CT, MACON, GA, 31210","-83.717418293293,32.855984776908","81081526","R"
"925","3330 Northside Drive, Suite 100, Macon, GA, 31210","No_Match"
"3766","6931 US Highway 41, Macon, GA, 31210","No_Match"
"57517","543 Cherry Street, Macon, GA, 31201","Match","Exact","543 CHERRY ST, MACON, GA, 31201","-83.62817994321,32.836134502167","81062849","R"
"927","777 Hemlock Street, Macon, GA, 31201","Match","Exact","777 HEMLOCK ST, MACON, GA, 31201","-83.636290487022,32.833119615795","81084085","R"
"1109","660 Allied Industrial Blvd., Macon, GA, 31206","Match","Exact","660 ALLIED INDUSTRIAL BLVD, MACON, GA, 31206","-83.645610458486,32.77603785737","81070721","R"
"10786","4875 Riverside Drive, Suite 100, Macon, GA, 31210","Match","Exact","4875 RIVERSIDE DR, MACON, GA, 31210","-83.711746830326,32.925425347585","81084839","L"
"929","2490 Riverside Drive, Macon, GA, 31204","Match","Exact","2490 RIVERSIDE DR, MACON, GA, 31204","-83.658870222108,32.869163228214","81084456","L"
"71700","4358 Riverside Drive, Macon, GA, 31210","Match","Exact","4358 RIVERSIDE DR, MACON, GA, 31210","-83.704712396328,32.914619639989","81086347","L"
"74099","6060 Lakeside Commons Drive, Macon, GA, 31210","No_Match"
"78220","315 S. Houston Lake, Warner Robins, GA, 31088","Match","Non_Exact","315 S HOUSTON LAKE RD, WARNER ROBINS, GA, 31088","-83.680282765697,32.613853958096","91258873","L"
"74096","501 Walnut Street 2nd Floor, Macon, GA, 31201","Match","Exact","501 WALNUT ST, MACON, GA, 31201","-83.625411124539,32.838454632536","81062897","R"
"75185","7536 Knoxville Road, Lizella, GA, 31052","Match","Exact","7536 KNOXVILLE RD, LIZELLA, GA, 31052","-83.794556143974,32.78975227114","81076510","R"
"1117","6600 Hawkinsville Road, Macon, GA, 31216","Match","Exact","6600 HAWKINSVILLE RD, MACON, GA, 31216","-83.654665041123,32.727319526778","81090123","L"
"59701","1720 Highway 49 N, Byron, GA, 31008","Match","Non_Exact","1720 STATE RTE 49, BYRON, GA, 31008","-83.723430568179,32.672336601784","648174785","R"
"78221","871 Warren Drive, Warner Robins, GA, 31088","Match","Exact","871 WARREN DR, WARNER ROBINS, GA, 31088","-83.668000019943,32.554833095107","629550007","R"
"56315","331 Third Street, Macon, GA, 31201","Match","Exact","331 3RD ST, MACON, GA, 31201","-83.626976423523,32.836598598672","81084185","R"
"56678","4875 Riverside Drive, Suite 200, Macon, GA, 31210","Match","Exact","4875 RIVERSIDE DR, MACON, GA, 31210","-83.711746830326,32.925425347585","81084839","L"
"1357","277 Martin Luther King Jr. Blvd, Suite 301, Macon, GA, 31201","Match","Exact","277 MARTIN LUTHER KING JR BLVD, MACON, GA, 31201","-83.623567848447,32.835573719524","81077236","R"
"74090","456 Bay Street, Macon, GA, 31201","Match","Exact","456 BAY ST, MACON, GA, 31201","-83.633731644251,32.827048646337","81063044","L"
"930","1650 Hardeman Avenue, Macon, GA, 31204","Match","Non_Exact","1650 HARDEMAN AVE, MACON, GA, 31201","-83.645329775435,32.840721521184","81061659","L"
"1232","2614 Riverside Drive, Macon, GA, 31204","Match","Exact","2614 RIVERSIDE DR, MACON, GA, 31204","-83.663255939658,32.874026758577","81084633","L"
"932","888 Pine Street, Macon, GA, 31201","Match","Exact","888 PINE ST, MACON, GA, 31201","-83.636572461694,32.835161172709","81061869","L"
"812","7705 N.E. Industrial Blvd., Macon, GA, 31216","Match","Exact","7705 NE INDUSTRIAL BLVD, MACON, GA, 31216","-83.663800104447,32.698912586369","81066422","L"
"72906","1018 South Wood Drive, Okmulgee, OK, 74447","Match","Exact","1018 S WOOD DR, OKMULGEE, OK, 74447","-95.961860974727,35.613735121586","166248984","L"
"935","635 Pio Nono Avenue, Macon, GA, 31204","Match","Exact","635 PIO NONO AVE, MACON, GA, 31204","-83.662471085791,32.84091799896","81059495","R"
"58738","1809 Hardeman Avenue, Macon, GA, 31201","Match","Exact","1809 HARDEMAN AVE, MACON, GA, 31201","-83.646796577862,32.841181084844","81061642","R"
"59948","2950 Heath Road, Macon, GA, 31206","Match","Exact","2950 HEATH RD, MACON, GA, 31206","-83.745462780947,32.812879070413","623833210","L"
"938","484 Mulberry Street #220, Macon, GA, 31201","Match","Exact","484 MULBERRY ST, MACON, GA, 31201","-83.626241856742,32.836662470997","81085936","L"
"11964","2321 Vineville Avenue, Macon, GA, 31204","Match","Exact","2321 VINEVILLE AVE, MACON, GA, 31204","-83.65591346051,32.845744707534","81060915","R"
"939","175 Emery Highway, Macon, GA, 31217","Match","Exact","175 EMERY HWY, MACON, GA, 31217","-83.62332436408,32.848145437666","638938473","R"
"71832","304 Moore Road, Macon, GA, 31220","Match","Exact","304 MOORE RD, MACON, GA, 31220","-83.865118277488,32.923618531149","66666974","L"
"1010","1347 Georgia Avenue, Macon, GA, 31201","Match","Exact","1347 GEORGIA AVE, MACON, GA, 31201","-83.641236717191,32.840743265705","81061695","R"
"1252","1030 Georgia Avenue, Room 106, Macon, GA, 31201","Match","Exact","1030 GEORGIA AVE, MACON, GA, 31201","-83.635294447812,32.840873222707","81062688","L"
"58860","910 Riverside Drive, Macon, GA, 31201","Match","Exact","910 RIVERSIDE DR, MACON, GA, 31201","-83.630564462671,32.843387026792","81062712","L"
"1250","1419 Bass Road, Macon, GA, 31210","Match","Exact","1419 BASS RD, MACON, GA, 31210","-83.740400964427,32.922583618601","81084824","R"
"78690","855 Tolliver Place, Macon, GA, 31210","Match","Exact","855 TOLLIVER PL, MACON, GA, 31210","-83.702124929162,32.90677023763","81056894","R"
"61912","5429 Bowman Road, Suite 110, Macon, GA, 31210","Match","Exact","5429 BOWMAN RD, MACON, GA, 31210","-83.731186233296,32.925084445172","81074902","L"
"78450","112 Wright Drive NE, Milledgeville, GA, 31061","Match","Non_Exact","112 WRIGHTS DR NE, MILLEDGEVILLE, GA, 31061","-83.255487174476,33.115128362772","640059083","L"
"1008","4182 Forsyth Road, Macon, GA, 31210","Match","Exact","4182 FORSYTH RD, MACON, GA, 31210","-83.695371457667,32.866772023339","81078437","L"
"57413","461 Third Street, Macon, GA, 31201","Match","Exact","461 3RD ST, MACON, GA, 31201","-83.628239685793,32.835103410853","81084188","R"
"1007","1942 Heritage Blvd, Robins AFB, GA, 31098","No_Match"
"3306","5816 Columbus Road, Macon, GA, 31206","Match","Exact","5816 COLUMBUS RD, MACON, GA, 31206","-83.74759941154,32.809746269737","81093099","R"
"78452","4268 Interstate Drive, Macon, GA, 31210","Match","Exact","4268 INTERSTATE DR, MACON, GA, 31210","-83.729221721838,32.827171533992","81074271","R"
"1127","835 Hillcrest Industrial Blvd., Macon, GA, 31204","Match","Exact","835 HILLCREST INDUSTRIAL BLVD, MACON, GA, 31204","-83.673115244429,32.840284598276","81071709","L"
"58747","153 Gateway Drive, Suite B, Macon, GA, 31210","Match","Non_Exact","153 GATEWAY DR, MACON, GA, 31210","-83.711295497149,32.928097420434","81086330","R"
"78455","3093 General Lee Road, Macon, GA, 31204","Match","Exact","3093 GENERAL LEE RD, MACON, GA, 31204","-83.673790724363,32.866737026749","81058942","R"
"78576","3312 Northside Drive, Building C, Suite 161, Macon, GA, 31210","Match","Non_Exact","3312 NORTHSIDE DR, MACON, GA, 31210","-83.682091798784,32.892918070525","81069934","L"
"78578","470 1st Street, Macon, GA, 31201","Match","Exact","470 1ST ST, MACON, GA, 31201","-83.631207601089,32.836689284573","81062823","L"
"78699","3115 Vineville Avenue, Macon, GA, 31204","Match","Exact","3115 VINEVILLE AVE, MACON, GA, 31204","-83.674877315701,32.850891070481","81058911","R"
"940","1501 Mercer University Drive, Macon, GA, 31207","Match","Exact","1501 MERCER UNIVERSITY DR, MACON, GA, 31207","-83.651702293643,32.825863252811","81085530","R"
"11617","1530 Mercer University Dr, Macon, GA, 31204","Match","Exact","1530 MERCER UNIVERSITY DR, MACON, GA, 31204","-83.654084718424,32.8256364717","81083753","R"
"57894","4390 Interstate Drive, Macon, GA, 31210","Match","Exact","4390 INTERSTATE DR, MACON, GA, 31210","-83.729250169015,32.82359318281","81069497","L"
"61907","5555 New Forsyth Road, Macon, GA, 31210","Match","Exact","5555 NEW FORSYTH RD, MACON, GA, 31210","-83.729429521066,32.936639204841","650750456","L"
"941","135 Osigian Boulevard, Warner Robins, GA, 31088","Match","Exact","135 OSIGIAN BLVD, WARNER ROBINS, GA, 31088","-83.687085959866,32.613766723696","91260452","L"
"1244","6717 Hawkinsville Road, Macon, GA, 31206","Match","Non_Exact","6717 HAWKINSVILLE RD, MACON, GA, 31216","-83.654397123745,32.724636343652","639988451","L"
"700","93 Gateway Drive, Macon, GA, 31210","Match","Exact","93 GATEWAY DR, MACON, GA, 31210","-83.709376732662,32.927575958456","81071517","R"
"1001","3095 Vineville Avenue, Macon, GA, 31204","Match","Exact","3095 VINEVILLE AVE, MACON, GA, 31204","-83.674301633771,32.85038455731","81058933","R"
"1122","P.O. Box 397 8 N Winston Street, Reynolds, GA, 31076","Match","Non_Exact","8 WINSTON ST, REYNOLDS, GA, 31076","-84.096227142668,32.557739617098","636967944","L"
"59710","3051 Kumho Parkway, Macon, GA, 31216","No_Match"
"78458","105 Holiday Drive North, Macon, GA, 31210","Match","Exact","105 HOLIDAY DR N, MACON, GA, 31210","-83.685804808138,32.899990085176","81081474","R"
"71709","1412 Bass Road, Macon, GA, 31210","Match","Exact","1412 BASS RD, MACON, GA, 31210","-83.74065924874,32.922483408535","81084824","L"
"78219","484 Mulberry Street #100, Macon, GA, 31201","Match","Exact","484 MULBERRY ST, MACON, GA, 31201","-83.626241856742,32.836662470997","81085936","L"
"702","536 New Street, Macon, GA, 31201","Match","Exact","536 NEW ST, MACON, GA, 31201","-83.633554825686,32.836598122825","81062779","L"
"944","3920 Arkwright Road, Suite 300, Macon, GA, 31210","Match","Exact","3920 ARKWRIGHT RD, MACON, GA, 31210","-83.68724245955,32.905905361091","640442137","L"
"705","251 Idle Hour Drive, Macon, GA, 31210","Match","Exact","251 IDLE HOUR DR, MACON, GA, 31210","-83.70813242231,32.869796137186","81057062","R"
"947","304 Pierce Avenue, Macon, GA, 31204","Match","Exact","304 PIERCE AVE, MACON, GA, 31204","-83.662513682193,32.850890112589","81076595","L"
"10521","830 High Street, Macon, GA, 31201","Match","Exact","830 HIGH ST, MACON, GA, 31201","-83.634823852059,32.836065779971","81062767","L"
"11852","1057 Parkway Drive, Suite A, Macon, GA, 31220","Match","Non_Exact","1057 PARKWAY DR, MACON, GA, 31220","-83.735586582941,32.8293600371","618723463","L"
"72916","1286 Hwy 96 East, Jeffersonville, GA, 31044","Match","Non_Exact","1286 STATE RTE 96, JEFFERSONVILLE, GA, 31044","-83.352228079663,32.671809778773","638605461","L"
"10885","6420 Moseley Dixon Road, Macon, GA, 31220","Match","Exact","6420 MOSELEY DIXON RD, MACON, GA, 31220","-83.769928646901,32.831259354271","636327558","R"
"11732","240 Coliseum Drive, Macon, GA, 31217","Match","Exact","240 COLISEUM DR, MACON, GA, 31217","-83.617778052994,32.84228837993","81084211","L"
"72930","P.O. Box 4141, Macon, GA, 31208","No_Match"
"1022","555 Poplar Street, Macon, GA, 31201","Match","Exact","555 POPLAR ST, MACON, GA, 31201","-83.629550032183,32.83479866719","81062867","R"
"1384","301 Poplar Street, Macon, GA, 31201","Match","Exact","301 POPLAR ST, MACON, GA, 31201","-83.625519999376,32.832568506029","81062969","R"
"1261","441 Lower Boundary Street, Macon, GA, 31206","Match","Exact","441 LOWER BOUNDARY ST, MACON, GA, 31206","-83.627880999114,32.814869134032","620605859","R"
"1382","1314 Gray Highway, Macon, GA, 31211","Match","Exact","1314 GRAY HWY, MACON, GA, 31211","-83.614698389274,32.860124563265","81084494","L"
"1260","2135 Broadway, Macon, GA, 31206","Match","Exact","2135 BROADWAY, MACON, GA, 31206","-83.640066275224,32.816002390874","81081182","R"
"1381","599 Martin Luther King Jr. Blvd., Macon, GA, 31201","Match","Exact","599 MARTIN LUTHER KING JR BLVD, MACON, GA, 31201","-83.627667432624,32.83281136194","81062967","R"
"78240","536 Third Street, Suite 3, Macon, GA, 31201","Match","Exact","536 3RD ST, MACON, GA, 31201","-83.628949569713,32.833609690357","81085893","L"
"78361","1015 Riverside Drive, Macon, GA, 31201","Match","Exact","1015 RIVERSIDE DR, MACON, GA, 31201","-83.632086495754,32.844449189959","81062678","R"
"58635","640 Martin Luther King, Jr. Blvd., Suite 200, Macon, GA, 31201","Match","Exact","640 MARTIN LUTHER KING JR BLVD, MACON, GA, 31201","-83.62889996844,32.831177559396","81063073","L"
"10975","6000 Thomaston Road, Macon, GA, 31220","Match","Exact","6000 THOMASTON RD, MACON, GA, 31220","-83.754610049053,32.844368915152","650727834","R"
"11701","1514 Bass Road, Macon, GA, 31210","Match","Exact","1514 BASS RD, MACON, GA, 31210","-83.737474886018,32.925972634026","81084828","L"
"78001","P.O. Box 339, Bolingbroke, GA, 31046","No_Match"
"78488","438 Cherry Street, Macon, GA, 31201","Match","Exact","438 CHERRY ST, MACON, GA, 31201","-83.626517977884,32.835001782034","81062962","L"
"1137","3312 Northside Drive Suite D100, Macon, GA, 31210","Match","Exact","3312 NORTHSIDE DR, MACON, GA, 31210","-83.682091798784,32.892918070525","81069934","L"
"1015","201 North Macon Street, Macon, GA, 31210","No_Match"
"58873","P.O. Box 929, Macon, GA, 31202","No_Match"
"78127","1448 Bass Road, Suite 1101, Macon, GA, 31210","Match","Exact","1448 BASS RD, MACON, GA, 31210","-83.739767785439,32.923493855629","81084824","L"
"78368","2400 Herodian Way SE, Suite 220, Smyrna, GA, 30080","Match","Non_Exact","2400 HERODIAN WAY, SMYRNA, GA, 30080","-84.47393241359,33.89292306842","656587428","L"
"831","389 Mulberry Street, Suite 100, Macon, GA, 31201","Match","Exact","389 MULBERRY ST, MACON, GA, 31201","-83.624617627667,32.836172210297","81062983","R"
"57422","950 3rd Street, Macon, GA, 31201","Match","Exact","950 3RD ST, MACON, GA, 31201","-83.63289452139,32.829088512195","81082087","L"
"58754","4361 Rivoli Drive, Macon, GA, 31210","Match","Exact","4361 RIVOLI DR, MACON, GA, 31210","-83.697951605856,32.868912202993","81071508","R"
"832","450 Martin Luther King Jr. Blvd., Macon, GA, 31201","No_Match"
"57786","2081 Bethlea Avenue, Macon, GA, 31204","Match","Exact","2081 BETHLEA AVE, MACON, GA, 31204","-83.686659071946,32.815930448383","81080054","R"
"58753","3323 Northside Drive, Macon, GA, 31210","Match","Exact","3323 NORTHSIDE DR, MACON, GA, 31210","-83.6822482045,32.893378268921","642635337","R"
"834","4490 Ocmulgee East Blvd., Macon, GA, 31217","Match","Exact","4490 OCMULGEE EAST BLVD, MACON, GA, 31217","-83.568623051906,32.805414879663","81085387","R"
"72928","540 Martin Luther King, Jr. Boulevard, Macon, GA, 31201","Match","Exact","540 MARTIN LUTHER KING JR BLVD, MACON, GA, 31201","-83.62732332989,32.833031638042","81062967","L"
"836","690 Holt Avenue, Macon, GA, 31204","Match","Exact","690 HOLT AVE, MACON, GA, 31204","-83.652845550683,32.838609620449","656402063","L"
"958","124 Osigian Blvd., Suite A, Warner Robins, GA, 31088","Match","Non_Exact","124 OSIGIAN BLVD, WARNER ROBINS, GA, 31088","-83.684237087949,32.61385549342","91260451","R"
"72926","350 Second Street, Macon, GA, 31201","Match","Exact","350 2ND ST, MACON, GA, 31201","-83.628460793499,32.837125538637","81062925","L"
"959","6869 Columbus Road, Lizella, GA, 31052","Match","Exact","6869 COLUMBUS RD, LIZELLA, GA, 31052","-83.775010115475,32.807062491859","81083328","L"
"71838","305 Third Street, Macon, GA, 31201","Match","Exact","305 3RD ST, MACON, GA, 31201","-83.626713809981,32.836900922487","81084184","R"
"839","4664 Sheraton Drive, Macon, GA, 31210","No_Match"
"719","330 Hospital Drive, Bldg C, Suite 200, Macon, GA, 31217","Match","Non_Exact","330 HOSPITAL DR, MACON, GA, 31217","-83.617683233813,32.846067196903","81062541","R"
"71735","125 Plantation Centre Drive Suite 800A, Macon, GA, 31210","Match","Non_Exact","125 PLANTATION DR, MACON, GA, 31210","-83.745217549421,32.943189613534","66668097","L"
"71612","850 Hillcrest Industrial Blvd., Macon, GA, 31204","Match","Exact","850 HILLCREST INDUSTRIAL BLVD, MACON, GA, 31204","-83.672987086464,32.840012392693","81071709","R"
"1396","2379 Ingleside Avenue, Macon, GA, 31204","Match","Exact","2379 INGLESIDE AVE, MACON, GA, 31204","-83.656816071373,32.853798730886","81060933","R"
"1153","6320 Peake Road, Macon, GA, 31220","Match","Non_Exact","6320 PEAKE RD, MACON, GA, 31210","-83.759054827979,32.873082328166","81077410","L"
"1394","2510 Allen Road, Macon, GA, 31216","Match","Exact","2510 ALLEN RD, MACON, GA, 31216","-83.662300153203,32.741161459945","628066158","R"
"1393","2056 Paul Walsh Drive, Macon, GA, 31206","Match","Exact","2056 PAUL WALSH DR, MACON, GA, 31206","-83.68396931254,32.814667831926","656404576","R"
"68208","10165 Lower Thomaston Road, Macon, GA, 31220","Match","Exact","10165 LOWER THOMASTON RD, MACON, GA, 31220","-83.875859588994,32.862665284732","66672325","R"
"78470","664 Second Street, Macon, GA, 31201","Match","Exact","664 2ND ST, MACON, GA, 31201","-83.631886425957,32.833089233384","81062858","L"
"78595","5962 Zebulon Road Suite 236, Macon, GA, 31210","Match","Exact","5962 ZEBULON RD, MACON, GA, 31210","-83.759170858823,32.879799680055","650752564","R"
"1149","3900 Sheraton Drive, Macon, GA, 31210","Match","Exact","3900 SHERATON DR, MACON, GA, 31210","-83.687130402496,32.905183238149","636327292","R"
"60722","2904 Vineville Avenue, Macon, GA, 31204","Match","Exact","2904 VINEVILLE AVE, MACON, GA, 31204","-83.669556567215,32.847228723428","81059038","L"
"78235","1080 Third Street, Suite 600B, Macon, GA, 31201","Match","Exact","1080 3RD ST, MACON, GA, 31201","-83.633741459771,32.827900881502","81063046","L"
"11956","200 Pierce Avenue, Macon, GA, 31204","Match","Exact","200 PIERCE AVE, MACON, GA, 31204","-83.662503662482,32.850041256844","81084013","L"
"1389","4038 I-475 Industrial Blvd., Macon, GA, 31210","Match","Non_Exact","4038 475 INDUSTRIAL BLVD, MACON, GA, 31210","-83.727935329103,32.833086481831","81079878","R"
"841","7600 Industrial Highway, Macon, GA, 31216","Match","Non_Exact","7600 NE INDUSTRIAL BLVD, MACON, GA, 31216","-83.663593495029,32.698919764894","81066422","R"
"1146","2500 Gray Highway, Macon, GA, 31211","Match","Exact","2500 GRAY HWY, MACON, GA, 31211","-83.602063555838,32.885402153997","81086216","L"
"1388","850 Walnut Street, Macon, GA, 31201","Match","Exact","850 WALNUT ST, MACON, GA, 31201","-83.630692677615,32.84148714407","81062721","L"
"78115","2429 Gillionville Road, Albany, GA, 31707","Match","Exact","2429 GILLIONVILLE RD, ALBANY, GA, 31707","-84.210677441002,31.585873814222","84321308","R"
"78478","511 Terry Street, Warner Robins, GA, 31093","Match","Exact","511 TERRY ST, WARNER ROBINS, GA, 31093","-83.643599695194,32.641310110092","91222305","R"
"842","1600 Forsyth Street, Macon, GA, 31201","Match","Exact","1600 FORSYTH ST, MACON, GA, 31201","-83.645488944098,32.838735065764","81061663","L"
"57312","151 Tractor Drive, Macon, GA, 31216","Match","Exact","151 TRACTOR DR, MACON, GA, 31216","-83.729157159298,32.727224500599","650760624","L"
"601","651 Mulberry Street, Macon, GA, 31201","Match","Exact","651 MULBERRY ST, MACON, GA, 31201","-83.628564498107,32.838509271253","81086565","L"
"78117","1448 Bass Road, Suite 1107, Macon, GA, 31210","Match","Exact","1448 BASS RD, MACON, GA, 31210","-83.739767785439,32.923493855629","81084824","L"
"78359","1207 Emery Highway, Macon, GA, 31217","Match","Exact","1207 EMERY HWY, MACON, GA, 31217","-83.604493919286,32.84807341838","656402770","L"
"844","790 Second Street, Macon, GA, 31201","Match","Exact","790 2ND ST, MACON, GA, 31201","-83.632902445259,32.831886921089","81063026","L"
"848","3263 Vineville Avenue, Macon, GA, 31204","Match","Exact","3263 VINEVILLE AVE, MACON, GA, 31204","-83.677738658898,32.853404618917","81075181","R"
"71607","4385 Pio Nono Avenue, Macon, GA, 31206","Match","Exact","4385 PIO NONO AVE, MACON, GA, 31206","-83.665667463539,32.783109506665","81060601","R"
"72938","760 Commerce Street, Perry, GA, 31069","Match","Exact","760 COMMERCE ST, PERRY, GA, 31069","-83.73535945826,32.458441915895","91215976","R"
"729","4781 Riverside Drive, Macon, GA, 31210","Match","Exact","4781 RIVERSIDE DR, MACON, GA, 31210","-83.710293100112,32.922131212278","81056826","L"
"71743","220 NW Industrial Blvd, Macon, GA, 31216","Match","Exact","220 NW INDUSTRIAL BLVD, MACON, GA, 31216","-83.663324023422,32.698677316687","81066424","R"
"4674","152 Spring Street, Lower Level, Macon, GA, 31201","Match","Non_Exact","152 SPRING ST, MACON, GA, 31201","-83.630887806168,32.842524726824","81062722","L"
"1283","6010 Peake Road, Macon, GA, 31220","Match","Exact","6010 PEAKE RD, MACON, GA, 31220","-83.750952706568,32.860860744105","81057475","L"
"61944","2303 Seventh Street, Macon, GA, 31202","Match","Non_Exact","2303 7TH ST, MACON, GA, 31206","-83.632296573533,32.810717461519","635549054","R"
"79112","4540 Sheraton Drive, Macon, GA, 31210","Match","Exact","4540 SHERATON DR, MACON, GA, 31210","-83.703570743397,32.917788025009","81084758","R"
"1039","316 Corporate Parkway, Macon, GA, 31210","Match","Exact","316 CORPORATE PKWY, MACON, GA, 31210","-83.709945272078,32.928518697142","81086329","L"
"79115","886 Mulberry Street, Macon, GA, 31201","Match","Exact","886 MULBERRY ST, MACON, GA, 31201","-83.632437729115,32.840417913227","81062704","L"
"78146","4164 Jones Road, Macon, GA, 31216","Match","Exact","4164 JONES RD, MACON, GA, 31216","-83.70260431492,32.731564494598","81068407","L"
"78267","495 Patrol Road, Forsyth, GA, 31029","No_Match"
"79117","4350 River Green Parkway, Suite 200, Duluth, GA, 30096","Match","Exact","4350 RIVER GREEN PKWY, DULUTH, GA, 30096","-84.168222790959,34.018331666678","88943696","R"
"1036","1207 Emery Highway, Macon, GA, 31217","Match","Exact","1207 EMERY HWY, MACON, GA, 31217","-83.604493919286,32.84807341838","656402770","L"
"78148","6255 Zebulon Road, Suite 180, Macon, GA, 31210","Match","Exact","6255 ZEBULON RD, MACON, GA, 31210","-83.765653213992,32.880008790438","81055657","L"
"853","6501 Peake Road, Suite 350, Macon, GA, 31210","Match","Exact","6501 PEAKE RD, MACON, GA, 31210","-83.762042398213,32.87632775981","81074471","R"
"974","7560 Industrial Highway, Macon, GA, 31206","Match","Non_Exact","7560 INDUSTRIAL HWY, MACON, GA, 31216","-83.666466293505,32.702405050895","81066416","L"
"1156","293 River North Blvd., Macon, GA, 31211","Match","Exact","293 RIVER NORTH BLVD, MACON, GA, 31211","-83.660057710621,32.942433385419","65482003","R"
"79119","368 2nd Street, Macon, GA, 31201-2736","Match","Non_Exact","368 2ND ST, MACON, GA, 31201","-83.628633842096,32.836927002265","81062925","L"
"733","231 Riverside Drive, Suite 100, Macon, GA, 31201","Match","Exact","231 RIVERSIDE DR, MACON, GA, 31201","-83.619789518104,32.837036045702","81084226","R"
"1397","2760 Roff Avenue, Macon, GA, 31204","Match","Exact","2760 ROFF AVE, MACON, GA, 31204","-83.66677711086,32.843320415559","647022180","L"
"614","251 South Street, Macon, GA, 31206","Match","Exact","251 SOUTH ST, MACON, GA, 31206","-83.630476077791,32.813086761189","81083860","R"
"978","4359 Pio Nono Avenue, Macon, GA, 31206","Match","Exact","4359 PIO NONO AVE, MACON, GA, 31206","-83.66597784618,32.783658218929","81060601","R"
"737","768 Cherry Street, Macon, GA, 31201","Match","Exact","768 CHERRY ST, MACON, GA, 31201","-83.631858479148,32.838229587512","81062784","L"
"858","100 University Parkway, Macon, GA, 31206","No_Match"
"71618","459 GA Highway 247 S, Bonaire, GA, 31005","Match","Non_Exact","459 STATE RTE 247, BONAIRE, GA, 31005","-83.595958150597,32.565570877698","91261282","L"
"68104","3220 Riverside Drive, Suite A310, Macon, GA, 31210","Match","Exact","3220 RIVERSIDE DR, MACON, GA, 31210","-83.678339630665,32.892210368697","81057211","L"
"69314","P.O. Box 5184, Macon, GA, 31208","No_Match"
"71750","2939 McManus Road, Macon, GA, 31220","Match","Exact","2939 MCMANUS RD, MACON, GA, 31220","-83.738793513695,32.833633314468","81079872","L"
"58780","354 Pine Street Lane, Macon, GA, 31201","Match","Exact","354 PINE STREET LN, MACON, GA, 31201","-83.629576448829,32.829871815054","81063078","L"
"57572","5000 Mercer University Drive, Macon, GA, 31210","Match","Exact","5000 MERCER UNIVERSITY DR, MACON, GA, 31210","-83.72534747747,32.830775142115","636327909","L"
"78370","2686 Dennard Hardy Road, Gordon, GA, 31031","Match","Exact","2686 DENNARD HARDY RD, GORDON, GA, 31031","-83.339724150779,32.913738762874","65556967","R"
"59750","777 Walnut Street, Macon, GA, 31201","Match","Exact","777 WALNUT ST, MACON, GA, 31201","-83.629454674568,32.840884891472","81062750","R"
"78130","515 Mulberry Street, Suite 201, Macon, GA, 31201","Match","Exact","515 MULBERRY ST, MACON, GA, 31201","-83.626537494129,32.83729933516","81084170","R"
"1292","4124 Arkwright Road, Suite 1, Macon, GA, 31210","Match","Exact","4124 ARKWRIGHT RD, MACON, GA, 31210","-83.691848627669,32.911846059835","81084894","L"
"78132","P.O. Box 26062, Macon, GA, 31221","No_Match"
"78374","830 High Street, Macon, GA, 31201","Match","Exact","830 HIGH ST, MACON, GA, 31201","-83.634823852059,32.836065779971","81062767","L"
"79102","6443 Zebulon Road, Macon, GA, 31220","Match","Exact","6443 ZEBULON RD, MACON, GA, 31220","-83.775328255166,32.880554783035","81055594","R"
"860","100 Graphic Packing International Way, Macon, GA, 31206","No_Match"
"58307","2800 Old Dawson Road, # 299, Albany, GA, 31707","Match","Exact","2800 OLD DAWSON RD, ALBANY, GA, 31707","-84.222743759974,31.613462731355","84312318","L"
"60743","4318 Sheraton Drive, Macon, GA, 31210","Match","Exact","4318 SHERATON DR, MACON, GA, 31210","-83.694607431893,32.910573152702","644985756","R"
"78377","1335 Lynah Avenue, Unit 107, Savannah, GA, 31408","Match","Exact","1335 LYNAH AVE, SAVANNAH, GA, 31408","-81.159362788445,32.089747746138","656451219","L"
"1169","4245 Log Cabin Drive, Macon, GA, 31204","Match","Exact","4245 LOG CABIN DR, MACON, GA, 31204","-83.709723710789,32.826485760044","81058500","R"
"78379","1687 Bass Road, Suite 102, Macon, GA, 31210","Match","Exact","1687 BASS RD, MACON, GA, 31210","-83.727006248441,32.931878560454","81079922","R"
"623","807 Forsyth Street, Macon, GA, 31201","Match","Exact","807 FORSYTH ST, MACON, GA, 31201","-83.63456999747,32.835745518699","81062772","R"
"744","435 Second Street, Suite 500, Macon, GA, 31201","Match","Exact","435 2ND ST, MACON, GA, 31201","-83.629431245003,32.836197135909","81062848","R"
"865","1083 Washington Avenue, Macon, GA, 31201","Match","Exact","1083 WASHINGTON AVE, MACON, GA, 31201","-83.637497681425,32.838642496483","81061829","R"
"1287","577 Third Street, Macon, GA, 31201","Match","Exact","577 3RD ST, MACON, GA, 31201","-83.629700229963,32.833421191566","81062876","R"
"79107","1750 Keystone Street, Building A, Macon, GA, 31204","Match","Non_Exact","1750 KEYSTONE ST, MACON, GA, 31204","-83.676588557318,32.816283698812","81070645","L"
"624","350 Hospital Drive, Macon, GA, 31217","Match","Exact","350 HOSPITAL DR, MACON, GA, 31217","-83.61802395696,32.845932457479","81062541","R"
"745","972 Wesleyan Drive, Macon, GA, 31210","Match","Exact","972 WESLEYAN DR, MACON, GA, 31210","-83.717213506944,32.897266166828","81084722","L"
"627","818 Forsyth Street, Macon, GA, 31201","Match","Exact","818 FORSYTH ST, MACON, GA, 31201","-83.635498729802,32.835543147678","81062772","L"
"508","5671 Calvin Drive, Macon, GA, 31210","Match","Exact","5671 CALVIN DR, MACON, GA, 31210","-83.750215595258,32.87169192619","81081020","R"
"10491","535 Coliseum Drive, Macon, GA, 31217","Match","Exact","535 COLISEUM DR, MACON, GA, 31217","-83.616632645595,32.847036004299","81085919","L"
"1187","1330 Forsyth Street, Macon, GA, 31201","Match","Exact","1330 FORSYTH ST, MACON, GA, 31201","-83.642480900972,32.837012060046","81061754","L"
"1186","440 Joe Tamplin Industrial Blvd., Macon, GA, 31217","Match","Exact","440 JOE TAMPLIN INDUSTRIAL BLVD, MACON, GA, 31217","-83.564488132025,32.795868134507","636327190","R"
"74113","609 Cherry Street, Macon, GA, 31201","Match","Exact","609 CHERRY ST, MACON, GA, 31201","-83.629094267089,32.836700338161","81062840","R"
"65648","1207 Clairmont Place, Macon, GA, 31204","Match","Exact","1207 CLAIRMONT PL, MACON, GA, 31204","-83.668817744521,32.893720350188","81084798","L"
"3482","1550 College Street, Macon, GA, 31208","Match","Non_Exact","1550 COLLEGE ST, MACON, GA, 31201","-83.648975434726,32.828639774055","636327883","L"
"1181","4313 Pio Nono Avenue, Macon, GA, 31206","Match","Exact","4313 PIO NONO AVE, MACON, GA, 31206","-83.666639046802,32.784774631622","636327824","R"
"11107","3150 Avondale Mill Road, Macon, GA, 31206","Match","Non_Exact","3150 AVONDALE MILL RD, MACON, GA, 31216","-83.676948943998,32.691759593832","81066399","R"
"510","325 Fifth Street, Macon, GA, 31201","Match","Exact","325 5TH ST, MACON, GA, 31201","-83.624010591277,32.834421513507","81063006","R"
"631","400 Charter Blvd., Macon, GA, 31210","Match","Exact","400 CHARTER BLVD, MACON, GA, 31210","-83.693308866678,32.867578223169","81086069","R"
"78600","525 East Taylor Street, Griffin, GA, 30223","Match","Exact","525 E TAYLOR ST, GRIFFIN, GA, 30223","-84.256296005644,33.247031249581","23765068","R"
"78963","Call for More Information, Macon, GA, 31210","No_Match"
"78602","420 Charter Boulevard, Ste 420, Macon, GA, 31210","Match","Exact","420 CHARTER BLVD, MACON, GA, 31210","-83.693371477761,32.868075295953","81086069","R"
"755","446 Third Street Suite B, Macon, GA, 31201","Match","Non_Exact","446 3RD ST, MACON, GA, 31201","-83.627792863355,32.834976664195","81085838","L"
"876","3708 Northside Drive, Macon, GA, 31210","Match","Exact","3708 NORTHSIDE DR, MACON, GA, 31210","-83.692169749199,32.897149342881","81081550","R"
"76424","1230 Duke Road, Fort Valley, GA, 31030","Match","Exact","1230 DUKE RD, FORT VALLEY, GA, 31030","-83.852339651975,32.632380439252","93727260","R"
"78964","5580 Thomaston Road, Suite 16, Macon, GA, 31220","Match","Exact","5580 THOMASTON RD, MACON, GA, 31220","-83.744616975759,32.834231568633","81057566","R"
"998","851 Orange Street, Macon, GA, 31201","Match","Exact","851 ORANGE ST, MACON, GA, 31201","-83.63924961339,32.834271814236","81061851","R"
"10495","473 Third Street, Macon, GA, 31201","Match","Exact","473 3RD ST, MACON, GA, 31201","-83.628359602717,32.834962332122","81084188","R"
"61288","4373 Houston Avenue, Macon, GA, 31206","No_Match"
"76546","135 Macon W Drive, Macon, GA, 31210","Match","Exact","135 MACON WEST DR, MACON, GA, 31210","-83.724888050135,32.832112655318","650751671","R"
"999","577 Mulberry Street Suite 1100, Macon, GA, 31201","Match","Exact","577 MULBERRY ST, MACON, GA, 31201","-83.627311312065,32.837764661374","81084171","R"
"56817","4875 Riverside Drive, Suite 202, Macon, GA, 31210","Match","Exact","4875 RIVERSIDE DR, MACON, GA, 31210","-83.711746830326,32.925425347585","81084839","L"
"76668","231 W Hancock Street, Milledgeville, GA, 31061","Match","Exact","231 W HANCOCK ST, MILLEDGEVILLE, GA, 31061","-83.229354190915,33.080854061664","656399321","L"
"78845","151 South Houston Lake Road, Suite 100A, Warner Robins, GA, 31088","Match","Exact","151 S HOUSTON LAKE RD, WARNER ROBINS, GA, 31088","-83.681734054376,32.616373469333","91227324","L"
"78966","724 Warm Springs Highway, Manchester, GA, 31816","Match","Exact","724 WARM SPRINGS HWY, MANCHESTER, GA, 31816","-84.623396670105,32.861597253874","9427592","L"
"758","794 Cherry Street, Macon, GA, 31201","Match","Exact","794 CHERRY ST, MACON, GA, 31201","-83.63203938112,32.838340595558","81062784","L"
"879","444 Plum Street, Macon, GA, 31201","Match","Exact","444 PLUM ST, MACON, GA, 31201","-83.628538044823,32.832273047093","81062879","L"
"78969","175 Emery Highway, Macon, GA, 31217","Match","Exact","175 EMERY HWY, MACON, GA, 31217","-83.62332436408,32.848145437666","638938473","R"
"67832","543 Cherry Street, Macon, GA, 31201","Match","Exact","543 CHERRY ST, MACON, GA, 31201","-83.62817994321,32.836134502167","81062849","R"
"74007","2020 Russell Parkway, Suite A, Warner Robins, GA, 31088","No_Match"
"62387","6070 Lakeside Commons Drive, Macon, GA, 31210","No_Match"
"1077","577 Mulberry Street, Suite 830, Macon, GA, 31201","Match","Exact","577 MULBERRY ST, MACON, GA, 31201","-83.627311312065,32.837764661374","81084171","R"
"63115","3040 Riverside Drive, Suite D-5, Macon, GA, 31210","Match","Exact","3040 RIVERSIDE DR, MACON, GA, 31210","-83.674972083123,32.888113756411","81076528","L"
"78950","100 Lacosta Lane, Daytona Beach, FL, 32114","Match","Exact","100 LACOSTA LN, DAYTONA BEACH, FL, 32114","-81.086592346996,29.203060284198","94540023","R"
"762","3695 Mercer University Drive, Macon, GA, 31204","Match","Exact","3695 MERCER UNIVERSITY DR, MACON, GA, 31204","-83.696754888242,32.821534605609","655849164","R"
"883","2140 Seventh Street, Macon, GA, 31206","Match","Exact","2140 7TH ST, MACON, GA, 31206","-83.632293885131,32.813565351149","81083841","L"
"885","3300 Macon Tech Drive, Macon, GA, 31206","Match","Exact","3300 MACON TECH DR, MACON, GA, 31206","-83.690675935899,32.81426524694","81083622","L"
"1069","7979 NE Industrial Blvd, Macon, GA, 31216","Match","Exact","7979 NE INDUSTRIAL BLVD, MACON, GA, 31216","-83.670984815409,32.692412878791","81066422","L"
"1068","201 Second Street, Suite 960 P.O. Box 13297, Macon, GA, 31208","Match","Non_Exact","201 2ND ST, MACON, GA, 31201","-83.626894190008,32.839198408166","81062895","R"
"77864","2242 Ingleside Avenue, Macon, GA, 31204","Match","Exact","2242 INGLESIDE AVE, MACON, GA, 31204","-83.652773237629,32.853689437478","81060935","L"
"76534","300 NW Industrial Boulevard, Macon, GA, 31216","Match","Exact","300 NW INDUSTRIAL BLVD, MACON, GA, 31216","-83.662243472791,32.697707456462","81066424","R"
"76776","116 Wembley Drive, Warner Robins, GA, 31088","Match","Exact","116 WEMBLEY DR, WARNER ROBINS, GA, 31088","-83.701805144218,32.573735144047","629455492","R"
"78953","1305 Hardeman Avenue, Macon, GA, 31201-1412","Match","Non_Exact","1305 HARDEMAN AVE, MACON, GA, 31201","-83.641489469277,32.839974643916","81061699","R"
"56827","2560 Beech Avenue, Macon, GA, 31204","Match","Exact","2560 BEECH AVE, MACON, GA, 31204","-83.661838810667,32.834892100769","81059563","L"
"526","1005 State University Drive, Fort Valley, GA, 31030","No_Match"
"76537","830 High Street, Macon, GA, 31201","Match","Exact","830 HIGH ST, MACON, GA, 31201","-83.634823852059,32.836065779971","81062767","L"
"10144","1644 Bass Road, Macon, GA, 31210","No_Match"
"11354","4040 Vineville Avenue, Macon, GA, 31210","Match","Exact","4040 VINEVILLE AVE, MACON, GA, 31210","-83.691168287534,32.86413336037","647702260","L"
"78957","4658 Presidential Pkwy #1265, Macon, GA, 31210","Match","Non_Exact","4658 PRESIDENTIAL PKWY, MACON, GA, 31206","-83.713578083759,32.819166888568","81086941","R"
"11114","5191 Columbus Road, Macon, GA, 31206","Match","Exact","5191 COLUMBUS RD, MACON, GA, 31206","-83.732185567829,32.816220832595","81057851","L"
"78959","3432 Mercer University Drive, Macon, GA, 31204","Match","Exact","3432 MERCER UNIVERSITY DR, MACON, GA, 31204","-83.690384465554,32.820506410917","656402272","L"
"11116","4515 Pio Nono Avenue, Macon, GA, 31206","Match","Exact","4515 PIO NONO AVE, MACON, GA, 31206","-83.663917865977,32.780076570422","81083238","R"
"11479","382 Second Street, Macon, GA, 31201","Match","Exact","382 2ND ST, MACON, GA, 31201","-83.628768435449,32.836772585087","81062925","L"
"67961","436 GA Highway 247 S., Bonaire, GA, 31005","Match","Non_Exact","436 STATE RTE 247, BONAIRE, GA, 31005","-83.597545124287,32.55952759359","656431994","R"
"62031","P.O. Box 26551, Macon, GA, 31221","No_Match"
"63367","1836 Broadway, Macon, GA, 31201","Match","Exact","1836 BROADWAY, MACON, GA, 31201","-83.639171784289,32.81878224321","647702082","L"
"63009","4563 Knight Road, Macon, GA, 31220","Match","Exact","4563 KNIGHT RD, MACON, GA, 31220","-83.74092166692,32.835201850449","81082454","L"
"78860","2040 Ingleside Avenue, Macon, GA, 31204","Match","Exact","2040 INGLESIDE AVE, MACON, GA, 31204","-83.64637673141,32.85513509659","81084479","L"
"76440","672 1st Street, Macon, GA, 31201","Match","Exact","672 1ST ST, MACON, GA, 31201","-83.633497501953,32.833920113903","81062810","L"
"76683","5791 Zebulon Road, Macon, GA, 31210","Match","Exact","5791 ZEBULON RD, MACON, GA, 31210","-83.751525158451,32.879805928918","81084572","L"
"78620","480 General Winship Dr South, Macon, GA, 31204","Match","Exact","480 GENERAL WINSHIP DR S, MACON, GA, 31204","-83.648119791717,32.856200070551","81060943","L"
"78862","915 Hill Park, Suite 100-C, Macon, GA, 31201","Match","Non_Exact","915 HILL PARK, MACON, GA, 31201","-83.632346966838,32.841538229292","81062686","R"
"78740","203 South Street, Perry, GA, 31069","Match","Exact","203 SOUTH ST, PERRY, GA, 31069","-83.749194407561,32.444872586779","91261728","L"
"76443","657 Hemlock Street, Suite 221, Macon, GA, 31201","Match","Exact","657 HEMLOCK ST, MACON, GA, 31201","-83.634209489517,32.831871850243","81062801","R"
"78622","400 Foster Road, Macon, GA, 31210","Match","Exact","400 FOSTER RD, MACON, GA, 31210","-83.746037837348,32.873240357774","636327769","L"
"78984","5005 Riverside Drive, Suite B, Macon, GA, 31210","Match","Non_Exact","5005 RIVERSIDE DR, MACON, GA, 31210","-83.712776224059,32.927746615856","81084836","L"
"78866","1160 Forsyth Street, Macon, GA, 31201","Match","Exact","1160 FORSYTH ST, MACON, GA, 31201","-83.639821006131,32.83602346658","81061835","L"
"78744","760 E. Chatham Street, Oglethorpe, GA, 31068","Match","Non_Exact","760 CHATHAM ST, OGLETHORPE, GA, 31068","-84.070511297341,32.285000451667","30525843","L"
"658","Highridge Centre 3920 Arkwright Road, Suite 375, Macon, GA, 31210","Match","Non_Exact","3920 ARKWRIGHT RD, MACON, GA, 31210","-83.68724245955,32.905905361091","640442137","L"
"56839","1421 B Rocky Creek Road, Macon, GA, 31206","Match","Non_Exact","1421 ROCKY CREEK RD, MACON, GA, 31206","-83.670921285965,32.791587545376","81060558","R"
"78504","5585 Thomaston Road, Suite 100, Macon, GA, 31220","Match","Exact","5585 THOMASTON RD, MACON, GA, 31220","-83.742747792831,32.834066050442","81057566","L"
"78988","6295 Old Skipper Road, Macon, GA, 31216","Match","Non_Exact","6295 SKIPPER RD, MACON, GA, 31216","-83.71940761446,32.736254120389","618723422","L"
"659","4312 Interstate Drive, Macon, GA, 31210","Match","Exact","4312 INTERSTATE DR, MACON, GA, 31210","-83.729231432052,32.825901446114","81074271","R"
"8943","115 Milledgeville Road, Gordon, GA, 31031","Match","Non_Exact","115 MILLEDGEVILLE HWY, GORDON, GA, 31031","-83.311061564895,32.892353785723","611915211","R"
"11564","2000 Bowman Road, Macon, GA, 31210","No_Match"
"37712","2306 Lasseter Place, Macon, GA, 31204","Match","Non_Exact","2306 LASETER PL, MACON, GA, 31204","-83.659328982899,32.838070444998","81061266","L"
"1090","107 Gateway Drive, Suite B, Macon, GA, 31210","Match","Non_Exact","107 GATEWAY DR, MACON, GA, 31210","-83.709737092155,32.927847808157","81071517","R"
"62163","308 Coliseum Drive, Suite 200, Macon, GA, 31217","Match","Exact","308 COLISEUM DR, MACON, GA, 31217","-83.617494200119,32.843612236952","639988636","R"
"10480","1134 Buckeye Road, E. Dublin, GA, 31027","Match","Exact","1134 BUCKEYE RD, E DUBLIN, GA, 31027","-82.864381999031,32.577074480437","100657295","L"
"10482","640 Second Street, Macon, GA, 31201","Match","Exact","640 2ND ST, MACON, GA, 31201","-83.631586921785,32.833444550839","81062854","L"
"74028","89 Sandy Run Road, Suite 500, Bonaire, GA, 31005","Match","Exact","89 SANDY RUN RD, BONAIRE, GA, 31005","-83.592676988834,32.568295889784","627720321","R"
"74149","411 Holt Avenue, Macon, GA, 31204","Match","Exact","411 HOLT AVE, MACON, GA, 31204","-83.651765669245,32.839804846831","656402063","R"
"63379","1302 Gray Highway, Macon, GA, 31211","Match","Exact","1302 GRAY HWY, MACON, GA, 31211","-83.614962597335,32.859741083376","81084492","L"
"74026","843 Poplar Street, Macon, GA, 31201","Match","Exact","843 POPLAR ST, MACON, GA, 31201","-83.633335130325,32.837354495571","81062765","R"
"74147","1417 Nottingham Drive, Macon, GA, 31211","Match","Exact","1417 NOTTINGHAM DR, MACON, GA, 31211","-83.637769894861,32.864488498935","81080319","R"
"63017","3075 Vineville Avenue, Macon, GA, 31204","Match","Exact","3075 VINEVILLE AVE, MACON, GA, 31204","-83.673976676131,32.85009828506","81058933","R"
"74024","5020 Mercer University Drive, Macon, GA, 31210","Match","Exact","5020 MERCER UNIVERSITY DR, MACON, GA, 31210","-83.727249340626,32.831436450927","81069122","L"
"67857","115 Arkwright Landing, Macon, GA, 31210","Match","Exact","115 ARKWRIGHT LNDG, MACON, GA, 31210","-83.695770841543,32.914117759253","81075201","R"
"1094","102 Preston Court, Macon, GA, 31210","Match","Exact","102 PRESTON CT, MACON, GA, 31210","-83.731479830004,32.940172418846","81093485","L"
"660","778 Riverside Drive, Suite B, Macon, GA, 31201","Match","Non_Exact","778 RIVERSIDE DR, MACON, GA, 31201","-83.628504877765,32.842160055833","81062732","L"
"76430","103 Westridge Drive, Warner Robins, GA, 31088","Match","Exact","103 WESTRIDGE DR, WARNER ROBINS, GA, 31088","-83.679611874355,32.615664746559","91258712","R"
"421","744 Second Street, Macon, GA, 31201","Match","Exact","744 2ND ST, MACON, GA, 31201","-83.632571189693,32.832275300706","81062819","L"
"78971","310 Hospital Drive, Suite 205, Macon, GA, 31217","Match","Exact","310 HOSPITAL DR, MACON, GA, 31217","-83.617305850894,32.846071991984","81062541","R"
"3149","544 Mulberry Street, Suite 1000, Macon, GA, 31201","Match","Exact","544 MULBERRY ST, MACON, GA, 31201","-83.627272079228,32.837289870657","81084166","L"
"78974","4357 Forsyth Rd, #250, Macon, GA, 31210","Match","Exact","4357 FORSYTH RD, MACON, GA, 31210","-83.695702093919,32.867114091026","81078437","R"
"786","4120 Arkwright Road, Macon, GA, 31210","Match","Exact","4120 ARKWRIGHT RD, MACON, GA, 31210","-83.691351525013,32.911546117623","81084892","L"
"78976","5233 Riverside Drive, Suite 101, Macon, GA, 31210","Match","Exact","5233 RIVERSIDE DR, MACON, GA, 31210","-83.714502360283,32.931366724001","81056469","L"
"304","923 S. Mulberry Street, Jackson, GA, 30233","Match","Exact","923 S MULBERRY ST, JACKSON, GA, 30233","-83.969085982478,33.285772379341","636395044","R"
"78612","5233 Riverside Drive, Suite E, Macon, GA, 31210","Match","Non_Exact","5233 RIVERSIDE DR, MACON, GA, 31210","-83.714502360283,32.931366724001","81056469","L"
"78733","1630 Eisenhower Parkway, Macon, GA, 31206","Match","Exact","1630 EISENHOWER PKWY, MACON, GA, 31206","-83.671555827022,32.814495145199","656401216","L"
"305","1429 Oglethorpe Street, Macon, GA, 31201","Match","Exact","1429 OGLETHORPE ST, MACON, GA, 31201","-83.646265345016,32.834706592369","81061731","R"
"76436","1501 Mercer University Drive, Macon, GA, 31207","Match","Exact","1501 MERCER UNIVERSITY DR, MACON, GA, 31207","-83.651702293643,32.825863252811","81085530","R"
"78857","1305 Hardeman Avenue, Macon, GA, 31201","Match","Exact","1305 HARDEMAN AVE, MACON, GA, 31201","-83.641489469277,32.839974643916","81061699","R"
"78978","530 Poplar Street, Macon, GA, 31201","Match","Exact","530 POPLAR ST, MACON, GA, 31201","-83.629233935027,32.834487534441","81062871","L"
"306","5430 Bowman Road, Macon, GA, 31210","Match","Exact","5430 BOWMAN RD, MACON, GA, 31210","-83.731234425293,32.925233851899","81074902","R"
"4115","3040 Vineville Avenue, Macon, GA, 31204","Match","Exact","3040 VINEVILLE AVE, MACON, GA, 31204","-83.673522961079,32.849532539385","81058933","L"
"76679","776 North Avenue, Macon, GA, 31211","Match","Exact","776 NORTH AVE, MACON, GA, 31211","-83.623345262732,32.852111083757","81062344","L"
"78735","105 Brieghton Court, Macon, GA, 31210","Match","Exact","105 BRIEGHTON CT, MACON, GA, 31210","-83.724520183221,32.907667795042","81076650","R"
"307","3351 Northside Drive, Macon, GA, 31210","Match","Exact","3351 NORTHSIDE DR, MACON, GA, 31210","-83.682913928364,32.893621841485","642635337","R"
"78738","905 High Street, Macon, GA, 31201","Match","Exact","905 HIGH ST, MACON, GA, 31201","-83.635917143595,32.837214087575","81061872","R"
"10364","4357 Forsyth Road, Macon, GA, 31210","Match","Exact","4357 FORSYTH RD, MACON, GA, 31210","-83.695702093919,32.867114091026","81078437","R"
"11574","7749 Delta Drive, Macon, GA, 31216","Match","Exact","7749 DELTA DR, MACON, GA, 31216","-83.65145365648,32.702431542457","656404848","R"
"61195","576 Poplar Street, Macon, GA, 31201","Match","Exact","576 POPLAR ST, MACON, GA, 31201","-83.62991270751,32.834878117208","81062867","L"
"11337","509 Hillcrest Ind. Blvd., Macon, GA, 31204","Match","Exact","509 HILLCREST INDUSTRIAL BLVD, MACON, GA, 31204","-83.672952666643,32.84577117402","81071709","L"
"11699","3957 River Place Drive, Macon, GA, 31210","Match","Exact","3957 RIVER PLACE DR, MACON, GA, 31210","-83.682613111858,32.902998255306","81075211","L"
"3280","4326 Interstate Drive, Macon, GA, 31210","Match","Exact","4326 INTERSTATE DR, MACON, GA, 31210","-83.729235777138,32.825497162729","81074271","R"
"63384","2004 Riverside Drive, Macon, GA, 31204","Match","Exact","2004 RIVERSIDE DR, MACON, GA, 31204","-83.645149683307,32.855923374456","81084476","L"
"67980","100 Waste Research Drive, Macon, GA, 31206","No_Match"
"64597","3094 Broadway, Macon, GA, 31206","Match","Exact","3094 BROADWAY, MACON, GA, 31206","-83.64035502911,32.805882724115","81063943","L"
"63388","8323 Rivoli Road, Juliette, GA, 31046","No_Match"
"74154","901-A Washington Avenue, Macon, GA, 31201","Match","Non_Exact","901 WASHINGTON AVE, MACON, GA, 31201","-83.63476953437,32.838072310804","81061874","R"
"76580","4675 Sheraton Drive, Macon, GA, 31210","Match","Exact","4675 SHERATON DR, MACON, GA, 31210","-83.707299794947,32.921067929742","81084754","L"
"77790","335 Charter Boulevard, Macon, GA, 31210-4863","Match","Non_Exact","335 CHARTER BLVD, MACON, GA, 31210","-83.693523318588,32.868650548739","81086069","L"
"75240","619 Poplar Street, Macon, GA, 31201","Match","Exact","619 POPLAR ST, MACON, GA, 31201","-83.6304692061,32.835367444788","81062834","R"
"550","4131 Broadway, Macon, GA, 31206","Match","Exact","4131 BROADWAY, MACON, GA, 31206","-83.650398894139,32.790905604838","81064138","R"
"77792","2022 15th Avenue, Columbus, GA, 31901","Match","Exact","2022 15TH AVE, COLUMBUS, GA, 31901","-84.969940273552,32.481821839952","98938186","R"
"78760","Call for More Information, Macon, GA, 31220","No_Match"
"432","355 Martin Luther King Jr Blvd., Macon, GA, 31201","Match","Exact","355 MARTIN LUTHER KING JR BLVD, MACON, GA, 31201","-83.624812739294,32.835350309921","81077240","R"
"554","4690 North Mumford Road, Macon, GA, 31210","Match","Exact","4690 N MUMFORD RD, MACON, GA, 31210","-83.715757546008,32.84850906661","81081411","L"
"78402","3892 Bloomfield Village Drive, Macon, GA, 31206","Match","Exact","3892 BLOOMFIELD VILLAGE DR, MACON, GA, 31206","-83.706637337152,32.815689643","652433175","L"
"676","4571 Arkwright Road, Macon, GA, 31210","Match","Exact","4571 ARKWRIGHT RD, MACON, GA, 31210","-83.695991786018,32.914511824089","81081134","R"
"77797","2404 Pio Nono Avenue, Macon, GA, 31206","Match","Exact","2404 PIO NONO AVE, MACON, GA, 31206","-83.662738670539,32.816479622891","81080306","L"
"78764","2240 7th Street, Macon, GA, 31206","Match","Exact","2240 7TH ST, MACON, GA, 31206","-83.632238102031,32.81233382056","81081619","L"
"798","201 Second Street, Suite 1202, Macon, GA, 31201","Match","Exact","201 2ND ST, MACON, GA, 31201","-83.626894190008,32.839198408166","81062895","R"
"78646","5101 Mount Pleasant Church Road, Macon, GA, 31216","Match","Exact","5101 MOUNT PLEASANT CHURCH RD, MACON, GA, 31216","-83.736630163186,32.747504073107","81078932","R"
"315","3250 Waterville Road, Macon, GA, 31206","No_Match"
"77799","544 Mulberry Street Suite 901D, Macon, GA, 31201","Match","Exact","544 MULBERRY ST, MACON, GA, 31201","-83.627272079228,32.837289870657","81084166","L"
"438","300 Mulberry Street, Suite 604, Macon, GA, 31201","Match","Exact","300 MULBERRY ST, MACON, GA, 31201","-83.624342476716,32.835790928294","81085938","L"
"559","3920 Arkwright Road, Suite 375, Macon, GA, 31210","Match","Exact","3920 ARKWRIGHT RD, MACON, GA, 31210","-83.68724245955,32.905905361091","640442137","L"
"78526","2330 Patrick Henry Parkway, McDonough, GA, 30253","Match","Exact","2330 PATRICK HENRY PKWY, MCDONOUGH, GA, 30253","-84.218389763558,33.494347161489","655965227","R"
"78889","3955 Arkwright Road, Unit A, Macon, GA, 31210","Match","Non_Exact","3955 ARKWRIGHT RD, MACON, GA, 31210","-83.688001783967,32.90856588772","640442137","R"
"11542","4460 Broadway, Macon, GA, 31206","Match","Exact","4460 BROADWAY, MACON, GA, 31206","-83.654703403199,32.781046391159","81064160","L"
"11783","515 Mulberry Street, Macon, GA, 31201","Match","Exact","515 MULBERRY ST, MACON, GA, 31201","-83.626537494129,32.83729933516","81084170","R"
"9939","1000 Terminal Drive, Suite 100, Macon, GA, 31216","Match","Exact","1000 TERMINAL DR, MACON, GA, 31216","-83.651328505998,32.701868027485","81084948","R"
"11545","400 Poplar Street, Macon, GA, 31201","Match","Exact","400 POPLAR ST, MACON, GA, 31201","-83.627276789058,32.833294949885","81062956","L"
"67873","107 Providence Boulevard, Macon, GA, 31210","Match","Exact","107 PROVIDENCE BLVD, MACON, GA, 31210","-83.740167810595,32.925408016229","646122140","L"
"4023","436 Cotton Avenue, Macon, GA, 31201","Match","Exact","436 COTTON AVE, MACON, GA, 31201","-83.630226890417,32.836944173052","81062837","L"
"62188","555 5th Street, Macon, GA, 31201","Match","Exact","555 5TH ST, MACON, GA, 31201","-83.62617873608,32.831791681874","81063182","R"
"63036","308 Coliseum Drive, Suite 100, Macon, GA, 31217","Match","Exact","308 COLISEUM DR, MACON, GA, 31217","-83.617494200119,32.843612236952","639988636","R"
"76690","4524 Forsyth Road, Suite 106, Macon, GA, 31210","Match","Exact","4524 FORSYTH RD, MACON, GA, 31210","-83.703077916248,32.87092702583","81057066","L"
"560","1620 Bass Road, Macon, GA, 31210","Match","Exact","1620 BASS RD, MACON, GA, 31210","-83.730478166085,32.929058690345","81079921","L"
"10349","1965 Adkins Place, Macon, GA, 31217","Match","Exact","1965 ADKINS PL, MACON, GA, 31217","-83.57251537482,32.805724073153","641862942","L"
"74161","17 W. Johnston Street, Macon, GA, 31029","Match","Non_Exact","17 W JOHNSTON ST, FORSYTH, GA, 31029","-83.939067395461,33.034982999319","66664214","R"
"441","353 College Street, Macon, GA, 31201","Match","Exact","353 COLLEGE ST, MACON, GA, 31201","-83.637923220949,32.841898920823","81061815","R"
"11679","4123 Forsyth Road, Suite I, Macon, GA, 31210","Match","Non_Exact","4123 FORSYTH RD, MACON, GA, 31210","-83.692296792682,32.865006330889","81058141","R"
"74160","4420 Forsyth Road, Macon, GA, 31202","Match","Non_Exact","4420 FORSYTH RD, MACON, GA, 31210","-83.700239357951,32.869427910652","81058085","L"
"78873","580 Cherry Street, Macon, GA, 31201","Match","Exact","580 CHERRY ST, MACON, GA, 31201","-83.628760705026,32.836380816552","81062849","L"
"78994","148 College Street, Macon, GA, 31201","Match","Exact","148 COLLEGE ST, MACON, GA, 31201","-83.636210814714,32.845518368193","81067179","L"
"201","6401 Hawkinsville Road, Macon, GA, 31216","Match","Exact","6401 HAWKINSVILLE RD, MACON, GA, 31216","-83.655617241252,32.731006598083","81084993","L"
"77784","4875 Log Cabin Drive, Macon, GA, 31204","Match","Exact","4875 LOG CABIN DR, MACON, GA, 31204","-83.707461502866,32.814192197579","81080294","R"
"202","1172 Hightower Road, Macon, GA, 31206","Match","Exact","1172 HIGHTOWER RD, MACON, GA, 31206","-83.660884818567,32.811140154962","81060433","L"
"444","990 Riverside Drive, Macon, GA, 31201","Match","Exact","990 RIVERSIDE DR, MACON, GA, 31201","-83.63175903041,32.84411193119","81062682","L"
"76575","8249 Rivoli Road, Juliette, GA, 31046","No_Match"
"78633","250 Water Tower Court, Macon, GA, 31210","Match","Exact","250 WATER TOWER CT, MACON, GA, 31210","-83.692261016381,32.867394243372","81086067","L"
"78875","6351 Zebulon Road, Suite D, Macon, GA, 31220","Match","Non_Exact","6351 ZEBULON RD, MACON, GA, 31220","-83.772303546183,32.880107285049","81084558","R"
"78996","5859 Ridge Bend Road, Memphis, TN, 38120","Match","Exact","5859 RIDGE BEND RD, MEMPHIS, TN, 38120","-89.866437214469,35.110565109486","72976276","R"
"78756","1760 Bass Road, Suite 101, Macon, GA, 31210","Match","Exact","1760 BASS RD, MACON, GA, 31210","-83.721511511296,32.936598769833","81078582","L"
"78877","304 Moore Road, Macon, GA, 31210","Match","Non_Exact","304 MOORE RD, MACON, GA, 31220","-83.865118277488,32.923618531149","66666974","L"
"205","4810 Mercer University Drive, Macon, GA, 31210","Match","Exact","4810 MERCER UNIVERSITY DR, MACON, GA, 31210","-83.72060380875,32.827672032544","81080825","L"
"78516","1062 Forsyth Street, Suite 2A, Macon, GA, 31201","Match","Exact","1062 FORSYTH ST, MACON, GA, 31201","-83.638553121348,32.835757244943","81061845","L"
"78758","6310 Peake Road, # 200, Macon, GA, 31210","Match","Exact","6310 PEAKE RD, MACON, GA, 31210","-83.757784821771,32.871606881838","636328130","L"
"78639","1001 Love Avenue, Tifton, GA, 31794","Match","Exact","1001 LOVE AVE, TIFTON, GA, 31794","-83.505777000609,31.462232230342","87773506","R"
"37803","175 Tom Hill Senior Blvd., Suite 201, Macon, GA, 31210","Match","Non_Exact","175 TOM HILL SR BLVD, MACON, GA, 31210","-83.688802431679,32.898923013787","636327364","L"
"63271","844 Hamlin Road, Lizella, GA, 31052","Match","Exact","844 HAMLIN RD, LIZELLA, GA, 31052","-83.908287312481,32.741930934704","656518517","R"
"8875","5444 Riverside Drive, Macon, GA, 31210","Match","Exact","5444 RIVERSIDE DR, MACON, GA, 31210","-83.718634812626,32.938385627895","81092957","R"
"8510","1019 Riverside Drive, Macon, GA, 31201","Match","Exact","1019 RIVERSIDE DR, MACON, GA, 31201","-83.632143446933,32.844482800496","81062678","R"
"74058","397 Bobbie Circle, Byron, GA, 31008","Match","Exact","397 BOBBIE CIR, BYRON, GA, 31008","-83.820411538877,32.708446026389","90641407","R"
"75389","1000 Terminal Drive, Macon, GA, 31216","Match","Exact","1000 TERMINAL DR, MACON, GA, 31216","-83.651328505998,32.701868027485","81084948","R"
"74057","222 Highway 49 South, Byron, GA, 31008","Match","Non_Exact","222 STATE RTE 49, BYRON, GA, 31008","-83.749120715593,32.656571454895","656407557","R"
"75387","3076 Riverside Drive, Macon, GA, 31210","Match","Exact","3076 RIVERSIDE DR, MACON, GA, 31210","-83.675962606901,32.88930423804","81076528","L"
"74054","224 Highway 49 South, Byron, GA, 31008","Match","Non_Exact","224 STATE RTE 49, BYRON, GA, 31008","-83.748619065578,32.656855266808","656407557","R"
"571","960 Key Street, Macon, GA, 31204","Match","Exact","960 KEY ST, MACON, GA, 31204","-83.675285105918,32.817832513153","81070643","L"
"693","577 Mulberry Street, Suite 1610, Macon, GA, 31201","Match","Exact","577 MULBERRY ST, MACON, GA, 31201","-83.627311312065,32.837764661374","81084171","R"
"78541","800 First Street, Suite #170, Macon, GA, 31201","Match","Exact","800 1ST ST, MACON, GA, 31201","-83.634963444436,32.832192921117","81062800","L"
"573","301 Cherry Street, Macon, GA, 31201","Match","Exact","301 CHERRY ST, MACON, GA, 31201","-83.624458492422,32.833892033561","81063005","R"
"78782","168 Marshall Avenue, Macon, GA, 31204","Match","Exact","168 MARSHALL AVE, MACON, GA, 31204","-83.674802648443,32.852158187771","81058915","L"
"78543","301 Margie Drive, Suite U, Warner Robins, GA, 31088","Match","Non_Exact","301 MARGIE DR, WARNER ROBINS, GA, 31088","-83.689949995099,32.613796154228","91258872","L"
"78784","150 Willie Smokie Glover Drive, Macon, GA, 31201","Match","Exact","150 WILLIE SMOKIE GLOVER DR, MACON, GA, 31201","-83.615670313235,32.832177949761","81073881","L"
"78545","3708 Northside Drive, Building A, Suite U, Macon, GA, 31210","Match","Non_Exact","3708 NORTHSIDE DR, MACON, GA, 31210","-83.692169749199,32.897149342881","81081550","R"
"214","443 Sixth Street, Macon, GA, 31201","Match","Exact","443 6TH ST, MACON, GA, 31201","-83.623377078808,32.832329862005","81063011","R"
"78544","3708 Northside Drive, Building B, Macon, GA, 31210","Match","Non_Exact","3708 NORTHSIDE DR, MACON, GA, 31210","-83.692169749199,32.897149342881","81081550","R"
"78786","1080 3rd Street, Suite 100, Macon, GA, 31021","Match","Non_Exact","1080 3RD ST, MACON, GA, 31201","-83.633741459771,32.827900881502","81063046","L"
"699","510 Pio Nono Avenue, Macon, GA, 31204","Match","Exact","510 PIO NONO AVE, MACON, GA, 31204","-83.662319312705,32.841650226159","81059495","L"
"78426","2310 Ingleside Avenue, Macon, GA, 31204","Match","Exact","2310 INGLESIDE AVE, MACON, GA, 31204","-83.654711110815,32.853702908497","81060933","L"
"217","2481 Rocky Creek Road, Macon, GA, 31206","Match","Exact","2481 ROCKY CREEK RD, MACON, GA, 31206","-83.701597722704,32.786552125668","81060129","R"
"78549","1700 Shurling Drive, Macon, GA, 31211","Match","Exact","1700 SHURLING DR, MACON, GA, 31211","-83.595055204974,32.860857929284","81064586","L"
"218","3920 Arkwright Road, Suite 200, Macon, GA, 31210","Match","Exact","3920 ARKWRIGHT RD, MACON, GA, 31210","-83.68724245955,32.905905361091","640442137","L"
"339","3256 Vineville Avenue, Macon, GA, 31204","Match","Exact","3256 VINEVILLE AVE, MACON, GA, 31204","-83.677882240191,32.853365446442","81075181","L"
"57606","1091 Overlook Parkway, Macon, GA, 31210","Match","Exact","1091 OVERLOOK PKWY, MACON, GA, 31210","-83.725534388041,32.937469146856","650750458","R"
"8508","111 Perimeter Parkway, Macon, GA, 31210","Match","Exact","111 PERIMETER PKWY, MACON, GA, 31210","-83.721588822795,32.936821288417","81076898","R"
"10313","505 Coliseum Drive, Macon, GA, 31217","Match","Exact","505 COLISEUM DR, MACON, GA, 31217","-83.616711963169,32.846575280301","81085919","L"
"66684","6030 Lake Commons Drive, Macon, GA, 31210","No_Match"
"8762","5811 Zebulon Road, Macon, GA, 31210","Match","Exact","5811 ZEBULON RD, MACON, GA, 31210","-83.755183294715,32.879859026724","636328134","L"
"62085","600 Guy Paine Road Bldg 106, Macon, GA, 31206","Match","Exact","600 GUY PAINE RD, MACON, GA, 31206","-83.647164619098,32.780089554354","636327197","L"
"8887","2476 Vineville Avenue, Macon, GA, 31204","Match","Exact","2476 VINEVILLE AVE, MACON, GA, 31204","-83.658897171645,32.846214184397","81060901","L"
"75398","1027 Linden Avenue, Macon, GA, 31201","Match","Exact","1027 LINDEN AVE, MACON, GA, 31201","-83.647548733526,32.836224765114","81061710","R"
"581","514 Hillcrest Industrial Blvd., Macon, GA, 31204","Match","Exact","514 HILLCREST INDUSTRIAL BLVD, MACON, GA, 31204","-83.672819173714,32.845667461923","81071709","R"
"76470","9221 GA Highway 57, McIntyre, GA, 31054","Match","Non_Exact","9221 STATE RTE 57, MC INTYRE, GA, 31054","-83.245336794387,32.838404550228","65558594","R"
"78891","Call For More Information, Macon, GA, 31210","No_Match"
"583","2448 Industrial Park Drive, Macon, GA, 31216","Match","Exact","2448 INDUSTRIAL PARK DR, MACON, GA, 31216","-83.657068549078,32.706229546982","81066597","R"
"60900","484 Second Street, Macon, GA, 31201","Match","Exact","484 2ND ST, MACON, GA, 31201","-83.629789154796,32.835572307066","81084110","L"
"75393","3661 Eisenhower Parkway, Macon, GA, 31206","Match","Exact","3661 EISENHOWER PKWY, MACON, GA, 31206","-83.694154720999,32.815835932692","81090046","L"
"78530","598 3rd Street, Suite 1100, Macon, GA, 31201","Match","Exact","598 3RD ST, MACON, GA, 31201","-83.629633374631,32.832998441208","81085894","L"
"78772","1550 Mercer University Drive, Macon, GA, 31204","Match","Exact","1550 MERCER UNIVERSITY DR, MACON, GA, 31204","-83.654421918743,32.825643965052","81083753","R"
"74061","2632 Roff Avenue, Macon, GA, 31204","Match","Exact","2632 ROFF AVE, MACON, GA, 31204","-83.663451173647,32.841899915817","81059487","L"
"222","3305 Northside Drive, Macon, GA, 31210","Match","Exact","3305 NORTHSIDE DR, MACON, GA, 31210","-83.681655862833,32.893112818695","81057207","R"
"75391","343 Plantation Way, Macon, GA, 31210","Match","Exact","343 PLANTATION WAY, MACON, GA, 31210","-83.760960029903,32.885093261798","81092893","L"
"78411","1000 Marietta Street NW, Suite 290, Atlanta, GA, 30318","Match","Non_Exact","1000 MARIETTA ST, ATLANTA, GA, 30318","-84.409782257162,33.778745811799","17342016","L"
"78774","3388 Mogul Road, Macon, GA, 31217","Match","Exact","3388 MOGUL RD, MACON, GA, 31217","-83.556933418195,32.843933591019","81065331","L"
"57614","150 North Crest Boulevard, Macon, GA, 31210","Match","Exact","150 N CREST BLVD, MACON, GA, 31210","-83.69193797559,32.904061477864","81071864","L"
"78535","4649 Presidential Parkway, Suite C26, Macon, GA, 31206","Match","Exact","4649 PRESIDENTIAL PKWY, MACON, GA, 31206","-83.713857045567,32.820057757433","81086510","R"
"78777","100 N Macon Street, Macon, GA, 31210","Match","Non_Exact","100 MACON WEST DR, MACON, GA, 31210","-83.725160186649,32.830813486935","650751671","L"
"228","4335 Confederate Way, Macon, GA, 31217","Match","Exact","4335 CONFEDERATE WAY, MACON, GA, 31217","-83.571746162831,32.801188898966","642059097","L"
"78538","308 Coliseum Drive, Suite 120, Macon, GA, 31217","Match","Exact","308 COLISEUM DR, MACON, GA, 31217","-83.617494200119,32.843612236952","639988636","R"
"229","150 Sessions Drive, Macon, GA, 31201","No_Match"
"9606","101 Preston Court, Suite 101, Macon, GA, 31210","Match","Exact","101 PRESTON CT, MACON, GA, 31210","-83.730412953904,32.937007009891","81093485","R"
"78416","613 Cherry Street, Macon, GA, 31201","Match","Exact","613 CHERRY ST, MACON, GA, 31201","-83.629124742387,32.83671866917","81062840","R"
"78539","2706 Watson Blvd, Suite D, Warner Robins, GA, 31093","Match","Non_Exact","2706 WATSON BLVD, WARNER ROBINS, GA, 31093","-83.671262174302,32.618364081222","656422921","R"
"11777","577 Mulberry Street, Suite 1200, Macon, GA, 31201","Match","Exact","577 MULBERRY ST, MACON, GA, 31201","-83.627311312065,32.837764661374","81084171","R"
"62083","115 Forest Hill Road, Macon, GA, 31210","Match","Exact","115 FOREST HILL RD, MACON, GA, 31210","-83.688972286138,32.863088846961","81058201","R"
"63293","1111 E Tennessee Street, Suite 100, Tallahassee, FL, 32308","Match","Exact","1111 E TENNESSEE ST, TALLAHASSEE, FL, 32308","-84.264962510656,30.446676631261","82853906","R"
"77907","5001 Mercer University Drive, Macon, GA, 31210","Match","Exact","5001 MERCER UNIVERSITY DR, MACON, GA, 31210","-83.725699717306,32.831062694182","636327909","R"
"77909","3065 Vineville Avenue, Macon, GA, 31204","Match","Exact","3065 VINEVILLE AVE, MACON, GA, 31204","-83.673814197311,32.849955148934","81058933","R"
"8534","2942 Vineville Avenue, Macon, GA, 31204","Match","Exact","2942 VINEVILLE AVE, MACON, GA, 31204","-83.670419686709,32.84761978087","81059038","L"
"79092","1001 Louisiana Street, Houston, TX, 77002","Match","Exact","1001 LOUISIANA ST, HOUSTON, TX, 77002","-95.367495824586,29.758442000617","96067554","L"
"61445","200 Third Street, Macon, GA, 31201","Match","Exact","200 3RD ST, MACON, GA, 31201","-83.625122703199,32.838132810589","81085891","R"
"79096","2000 Northside Crossing, Macon, GA, 31210","No_Match"
"79098","3040 Riverside Drive Suite B4, Macon, GA, 31210","Match","Exact","3040 RIVERSIDE DR, MACON, GA, 31210","-83.674972083123,32.888113756411","81076528","L"
"592","5171 Eisenhower Parkway, Macon, GA, 31206","No_Match"
"58393","P.O. Box 467, Americus, GA, 31709","No_Match"
"113","2440 Ingleside Avenue, Suite C, Macon, GA, 31204","Match","Non_Exact","2440 INGLESIDE AVE, MACON, GA, 31204","-83.658506786215,32.85367856271","81080316","L"
"234","4001 Vineville Avenue, Macon, GA, 31210","Match","Exact","4001 VINEVILLE AVE, MACON, GA, 31210","-83.69001773757,32.863529163232","647702260","R"
"476","277 Martin Luther King Blvd., Suite 202, Macon, GA, 31201","Match","Exact","277 MARTIN LUTHER KING JR BLVD, MACON, GA, 31201","-83.623567848447,32.835573719524","81077236","R"
"597","4295 Ocmulgee East Blvd., Macon, GA, 31295","Match","Exact","4295 OCMULGEE EAST BLVD, MACON, GA, 31295","-83.569233610577,32.810986937033","81083493","R"
"59368","4070 Forsyth Road, Macon, GA, 31210","Match","Exact","4070 FORSYTH RD, MACON, GA, 31210","-83.693329760273,32.865547284791","81058141","L"
"358","577 Mulberry Street, Suite 1600, Macon, GA, 31201","Match","Exact","577 MULBERRY ST, MACON, GA, 31201","-83.627311312065,32.837764661374","81084171","R"
"58039","91 W Johnson St, Forsyth, GA, 31029","Match","Non_Exact","91 W JOHNSTON ST, FORSYTH, GA, 31029","-83.942652099059,33.035036569939","66664209","R"
"239","136 College Street, Macon, GA, 31201","Match","Exact","136 COLLEGE ST, MACON, GA, 31201","-83.636074622706,32.845824800195","81067179","L"
"8527","133 Ward Street, Macon, GA, 31204","Match","Exact","133 WARD ST, MACON, GA, 31204","-83.649588517076,32.84413362043","81061349","R"
"8525","1126 Riverside Drive, Macon, GA, 31201","Match","Exact","1126 RIVERSIDE DR, MACON, GA, 31201","-83.634960520918,32.846159789088","81061229","L"
"76703","155 Westridge Parkway, Suite 213, McDonough, GA, 30253","Match","Exact","155 WESTRIDGE PKWY, MCDONOUGH, GA, 30253","-84.195002539529,33.409293583226","650778456","R"
"77913","4705 Northside Drive Suite 400, Macon, GA, 31210","Match","Exact","4705 NORTHSIDE DR, MACON, GA, 31210","-83.713891139585,32.90387243028","81074869","R"
"77915","120 Willingham Drive, Juliette, GA, 31046","No_Match"
"76707","446 Poplar Street, Suite B, Macon, GA, 31201","Match","Non_Exact","446 POPLAR ST, MACON, GA, 31201","-83.62788445491,32.833677403871","81062956","L"
"77917","656 Manning Mill, Macon, GA, 31216","Match","Exact","656 MANNING ML, MACON, GA, 31216","-83.69028515467,32.713450089415","81093596","R"
"8663","505 Industrial Way East, Macon, GA, 31217","Match","Exact","505 INDUSTRIAL WAY E, MACON, GA, 31217","-83.583891437457,32.845611901864","81064711","R"
"11193","543 Cherry Street, Macon, GA, 31201","Match","Exact","543 CHERRY ST, MACON, GA, 31201","-83.62817994321,32.836134502167","81062849","R"
"15","235 North Street, Macon, GA, 31206","Match","Exact","235 NORTH ST, MACON, GA, 31206","-83.63095548412,32.810767742542","81064270","L"
"18","7098 Industrial Highway, Macon, GA, 31216","Match","Exact","7098 INDUSTRIAL HWY, MACON, GA, 31216","-83.659409139382,32.724950364696","81066511","L"
"62663","4408 Houston Avenue, Macon, GA, 31216","Match","Non_Exact","4408 HOUSTON AVE, MACON, GA, 31206","-83.658867893063,32.783752379891","81064109","L"
"57075","4961 Forsyth Road, Macon, GA, 31210","Match","Exact","4961 FORSYTH RD, MACON, GA, 31210","-83.725998357166,32.881139320328","656401109","R"
"57197","4009 Vineville Avenue, Suite B, Macon, GA, 31210","Match","Non_Exact","4009 VINEVILLE AVE, MACON, GA, 31210","-83.690164375743,32.863625525475","647702260","R"
"123","607 Lower Poplar Street, Macon, GA, 31201","Match","Exact","607 LOWER POPLAR ST, MACON, GA, 31201","-83.614452345509,32.826395339226","81073903","R"
"244","3025 Pio Nono Avenue, Macon, GA, 31206","Match","Exact","3025 PIO NONO AVE, MACON, GA, 31206","-83.663093121318,32.808383763766","81060434","R"
"246","187 Pierce Avenue, Macon, GA, 31204","Match","Exact","187 PIERCE AVE, MACON, GA, 31204","-83.662384352962,32.848767998032","81059088","R"
"128","4795 Riverside Drive Suite A, Macon, GA, 31210","Match","Non_Exact","4795 RIVERSIDE DR, MACON, GA, 31210","-83.710965609177,32.923646972742","81056826","L"
"61210","1190 Frank Amerson Parkway, Macon, GA, 31216","Match","Exact","1190 FRANK AMERSON PKWY, MACON, GA, 31216","-83.734473899988,32.719176173911","650760623","L"
"62670","419 College Drive, Barnesville, GA, 30204","Match","Exact","419 COLLEGE DR, BARNESVILLE, GA, 30204","-84.153457323357,33.047447568594","66648097","L"
"8678","4066 Hartley Bridge Road, Macon, GA, 31216","Match","Exact","4066 HARTLEY BRIDGE RD, MACON, GA, 31216","-83.703922674077,32.743989403722","81079001","L"
"62314","240 North Macon Street, Macon, GA, 31210","Match","Non_Exact","240 MACON ST, MACON, GA, 31204","-83.674658937247,32.838641848216","81059180","R"
"490","577 Mulberry Street, Suite 1100, Macon, GA, 31201","Match","Exact","577 MULBERRY ST, MACON, GA, 31201","-83.627311312065,32.837764661374","81084171","R"
"370","3990 Sheraton Drive, Macon, GA, 31210","Match","Exact","3990 SHERATON DR, MACON, GA, 31210","-83.689934074045,32.907322244621","636327292","R"
"252","4517 Forsyth Road, Macon, GA, 31210","Match","Exact","4517 FORSYTH RD, MACON, GA, 31210","-83.702851123991,32.870940861424","81057066","R"
"373","6601 Hawkinsville Road, Macon, GA, 31216","Match","Exact","6601 HAWKINSVILLE RD, MACON, GA, 31216","-83.654732989257,32.726167311179","81084990","L"
"494","891 Gray Highway, Macon, GA, 31211","Match","Exact","891 GRAY HWY, MACON, GA, 31211","-83.619478497084,32.852452187171","81084497","R"
"58052","1535 Bass Road, Macon, GA, 31210","Match","Exact","1535 BASS RD, MACON, GA, 31210","-83.73632711949,32.926315761673","81084829","R"
"256","5223 Riverside Drive, Suite 102, Macon, GA, 31210","Match","Exact","5223 RIVERSIDE DR, MACON, GA, 31210","-83.714484244414,32.93132978183","81056469","L"
"60257","2800 Riverside Drive, Macon, GA, 31204","Match","Exact","2800 RIVERSIDE DR, MACON, GA, 31204","-83.667547033135,32.879158962164","81057369","L"
"77931","3051 Vineville Avenue, Macon, GA, 31204","Match","Exact","3051 VINEVILLE AVE, MACON, GA, 31204","-83.673586726963,32.849754758359","81058933","R"
"8307","49 College Street, Macon, GA, 31202","Match","Non_Exact","49 COLLEGE ST, MACON, GA, 31201","-83.635566085769,32.847362983724","647023025","R"
"77812","5920 Zebulon Road, Macon, GA, 31210","Match","Exact","5920 ZEBULON RD, MACON, GA, 31210","-83.758007446866,32.879788529796","636328134","R"
"76724","6020 Zebulon Road, Macon, GA, 31210","Match","Exact","6020 ZEBULON RD, MACON, GA, 31210","-83.760353388903,32.879815693161","650752564","R"
"76728","427 8th Street, Macon, GA, 31201","Match","Exact","427 8TH ST, MACON, GA, 31201","-83.620641162381,32.830234785212","81063377","R"
"32","5490 Thomaston Road, Macon, GA, 31220","Match","Exact","5490 THOMASTON RD, MACON, GA, 31220","-83.742027049847,32.833928985008","81057566","R"
"35","4580 N. Mumford Road, Macon, GA, 31210","Match","Non_Exact","4580 N MUMFORD RD, MACON, GA, 31204","-83.704534124824,32.847763377396","81058134","L"
"37","5553 Bloomfield Road, Macon, GA, 31206","Match","Exact","5553 BLOOMFIELD RD, MACON, GA, 31206","-83.707750197071,32.788221045151","81060062","R"
"63535","4931 Riverside Drive, Suite 400B, Macon, GA, 31210","Match","Exact","4931 RIVERSIDE DR, MACON, GA, 31210","-83.712160807869,32.926359545925","81084839","L"
"59035","5665 New Forsyth Road, Macon, GA, 31210","Match","Exact","5665 NEW FORSYTH RD, MACON, GA, 31210","-83.733302884263,32.93802027232","81093479","L"
"62205","100 YKK AP Way, Macon, GA, 31216","No_Match"
"63536","1676 Bass Road, Macon, GA, 31210","Match","Exact","1676 BASS RD, MACON, GA, 31210","-83.725431563712,32.933541408501","81067888","L"
"260","448 Pine Street, Macon, GA, 31201","Match","Exact","448 PINE ST, MACON, GA, 31201","-83.629681267037,32.830976041071","81063072","L"
"140","277 Martin Luther King Jr.  Blvd., Suite 201, Macon, GA, 31201","Match","Exact","277 MARTIN LUTHER KING JR BLVD, MACON, GA, 31201","-83.623567848447,32.835573719524","81077236","R"
"4082","109 B Macon West Drive, Macon, GA, 31210","Match","Non_Exact","109 MACON WEST DR, MACON, GA, 31210","-83.72509605033,32.831143883401","650751671","R"
"5172","7400 Airport Drive, Macon, GA, 31216","Match","Exact","7400 AIRPORT DR, MACON, GA, 31216","-83.649112915947,32.71069836835","81082946","L"
"386","3220 Riverside Drive, Macon, GA, 31210","Match","Exact","3220 RIVERSIDE DR, MACON, GA, 31210","-83.678339630665,32.892210368697","81057211","L"
"76711","1083 Washington Avenue, Macon, GA, 31201","Match","Exact","1083 WASHINGTON AVE, MACON, GA, 31201","-83.637497681425,32.838642496483","81061829","R"
"37665","1918 Forsyth Street, Macon, GA, 31201","Match","Exact","1918 FORSYTH ST, MACON, GA, 31201","-83.648533207875,32.840900606672","81080597","L"
"9647","3920 Arkwright Road, Suite 100, Macon, GA, 31210","Match","Exact","3920 ARKWRIGHT RD, MACON, GA, 31210","-83.68724245955,32.905905361091","640442137","L"
"60262","338 Poplar Street, Macon, GA, 31201","Match","Exact","338 POPLAR ST, MACON, GA, 31201","-83.625889969175,32.832645560733","81062969","L"
"60140","2960 Napier Avenue, Macon, GA, 31204","Match","Exact","2960 NAPIER AVE, MACON, GA, 31204","-83.671817474764,32.836827223674","81059402","L"
"76716","6501 Peake Road, Bldg 1100, Macon, GA, 31210","Match","Exact","6501 PEAKE RD, MACON, GA, 31210","-83.762042398213,32.87632775981","81074471","R"
"63421","3439 Fulton Mill Road, Macon, GA, 31216","Match","Non_Exact","3439 FULTON MILL RD, MACON, GA, 31206","-83.745933889925,32.80796442233","81083340","L"
"152","484 Mulberry Street, Macon, GA, 31201","Match","Exact","484 MULBERRY ST, MACON, GA, 31201","-83.626241856742,32.836662470997","81085936","L"
"77830","1250 Eisenhower Parkway, Macon, GA, 31210","Match","Non_Exact","1250 EISENHOWER PKWY, MACON, GA, 31206","-83.661356203834,32.814245550098","81060420","L"
"77833","5471 Thomaston Road, Macon, GA, 31220","Match","Exact","5471 THOMASTON RD, MACON, GA, 31220","-83.740243177032,32.833977157578","81057573","L"
"78801","111 Providence Boulevard, Macon, GA, 31210","Match","Exact","111 PROVIDENCE BLVD, MACON, GA, 31210","-83.741182494119,32.925827210866","646122140","L"
"78922","161 Buford Place, Macon, GA, 31204","Match","Exact","161 BUFORD PL, MACON, GA, 31204","-83.659480406908,32.847931008206","81060894","R"
"11027","1220 Stadium Drive, Macon, GA, 31204","No_Match"
"11026","3600 Riverside Drive, Macon, GA, 31210","Match","Exact","3600 RIVERSIDE DR, MACON, GA, 31210","-83.683673321782,32.898644174292","647701367","L"
"76507","5400 Riverside Drive, Suite 205, Macon, GA, 31210","Match","Exact","5400 RIVERSIDE DR, MACON, GA, 31210","-83.718264636691,32.937849361202","81092957","R"
"37417","125 Plantation Centre Drive S, Bldg. 400 B, Macon, GA, 31210","Match","Non_Exact","125 PLANTATION DR, MACON, GA, 31210","-83.745217549421,32.943189613534","66668097","L"
"78929","161 Buford Place, Macon, GA, 31204","Match","Exact","161 BUFORD PL, MACON, GA, 31204","-83.659480406908,32.847931008206","81060894","R"
"37539","3663 Vineville Avenue, Macon, GA, 31204","Match","Exact","3663 VINEVILLE AVE, MACON, GA, 31204","-83.685488590024,32.860560303407","81058743","R"
"78807","1601 Watson Boulevard, Warner Robins, GA, 31093","Match","Exact","1601 WATSON BLVD, WARNER ROBINS, GA, 31093","-83.629517598086,32.618150488432","91218507","L"
"55","6080 Lakeside Commons Drive, Suite B, Macon, GA, 31210","No_Match"
"56","318 Corporate Parkway, Suite 302, Macon, GA, 31210","Match","Exact","318 CORPORATE PKWY, MACON, GA, 31210","-83.70997363664,32.928585740668","81086329","L"
"75417","4295 Interstate Drive, Suite-A, Macon, GA, 31210","Match","Non_Exact","4295 INTERSTATE DR, MACON, GA, 31210","-83.729351183553,32.828074977259","81074271","L"
"11393","600 Guy Paine Road, Macon, GA, 31206","Match","Exact","600 GUY PAINE RD, MACON, GA, 31206","-83.647164619098,32.780089554354","636327197","L"
"63431","401 Cherry Street, Suite 701, Macon, GA, 31201","Match","Exact","401 CHERRY ST, MACON, GA, 31201","-83.625994487414,32.834813590156","81062962","R"
"8345","124 Third Street, Macon, GA, 31201","Match","Exact","124 3RD ST, MACON, GA, 31201","-83.624647750195,32.838929551819","81062915","L"
"62344","479 Cherry Street, Macon, GA, 31201","Match","Exact","479 CHERRY ST, MACON, GA, 31201","-83.626789084426,32.835340330323","81084174","R"
"8580","221 S. Main Street, Toomsboro, GA, 31090","Match","Non_Exact","221 MAIN ST, TOOMSBORO, GA, 31090","-83.078465963639,32.819579412057","65559440","R"
"287","5300 Zebulon Road, Macon, GA, 31210","Match","Exact","5300 ZEBULON RD, MACON, GA, 31210","-83.738626843487,32.879530245335","642059108","L"
"60047","1602 Montpelier Avenue, Macon, GA, 31206","Match","Non_Exact","1602 MONTPELIER AVE, MACON, GA, 31201","-83.650382267976,32.83274780529","81061399","L"
"76733","3037 Airport East Road, Macon, GA, 30135","No_Match"
"60","577 Mulberry Street, Suite 1410, Macon, GA, 31201","Match","Exact","577 MULBERRY ST, MACON, GA, 31201","-83.627311312065,32.837764661374","81084171","R"
"8459","540 Hemlock Street, Macon, GA, 31201","Match","Exact","540 HEMLOCK ST, MACON, GA, 31201","-83.632215619182,32.830524443205","81063033","L"
"61","250 Charter Lane, Suite 100, Macon, GA, 31210","Match","Exact","250 CHARTER LN, MACON, GA, 31210","-83.697013384519,32.869720205603","81078426","L"
"11035","4375 Mead Road, Macon, GA, 31206","Match","Exact","4375 MEAD RD, MACON, GA, 31206","-83.639071442787,32.784130349437","81070728","R"
"37645","544 Mulberry Street, Suite 418, Macon, GA, 31201","Match","Exact","544 MULBERRY ST, MACON, GA, 31201","-83.627272079228,32.837289870657","81084166","L"
"76618","2605 Circle 75 Parkway SE, Atlanta, GA, 30339","Match","Non_Exact","2605 CIRCLE 75 PKWY, ATLANTA, GA, 30339","-84.469367908281,33.887395125223","650859981","R"
"58090","1212 Gray Highway, Suite E, Macon, GA, 31211","Match","Non_Exact","1212 GRAY HWY, MACON, GA, 31211","-83.616613900247,32.85714536449","81062420","L"
"59061","4290 Hartley Bridge Road, Macon, GA, 31216","Match","Exact","4290 HARTLEY BRIDGE RD, MACON, GA, 31216","-83.711680292428,32.742094361018","81083033","L"
"8595","2670 Roff Avenue, Macon, GA, 31204","Match","Exact","2670 ROFF AVE, MACON, GA, 31204","-83.66436695214,32.842127228449","81059469","L"
"63442","4104 Arkwright Road, Macon, GA, 31210","Match","Exact","4104 ARKWRIGHT RD, MACON, GA, 31210","-83.69044422026,32.910988797875","81056923","L"
"65621","3920 Arkwright Road, Suite 165, Macon, GA, 31210","Match","Exact","3920 ARKWRIGHT RD, MACON, GA, 31210","-83.68724245955,32.905905361091","640442137","L"
"63204","4509 Knight Road, Macon, GA, 31220","Match","Exact","4509 KNIGHT RD, MACON, GA, 31220","-83.740853192334,32.836992930996","81082454","L"
"66717","4931 Riverside Drive, Suite 200 A, Macon, GA, 31210","Match","Non_Exact","4931 RIVERSIDE DR, MACON, GA, 31210","-83.712160807869,32.926359545925","81084839","L"
"77970","4580 Sheraton Drive, Macon, GA, 31210","Match","Exact","4580 SHERATON DR, MACON, GA, 31210","-83.704781055815,32.918662345894","81084758","R"
"76641","P.O. Box 6741, Macon, GA, 31208","No_Match"
"76522","505 Hillcrest Industrial Blvd, Macon, GA, 31204","Match","Exact","505 HILLCREST INDUSTRIAL BLVD, MACON, GA, 31204","-83.672950758701,32.845838496983","81071709","L"
"78701","4035 Sheraton Drive, Macon, GA, 31210","Match","Exact","4035 SHERATON DR, MACON, GA, 31210","-83.693573100067,32.910023556933","636327292","L"
"76765","5844 Columbus Road, Macon, GA, 31206","Match","Exact","5844 COLUMBUS RD, MACON, GA, 31206","-83.748236980444,32.809916350802","81093099","R"
"11364","225 Baker Street NW, Atlanta, GA, 30313","Match","Exact","225 BAKER ST NW, ATLANTA, GA, 30313","-84.394783753091,33.76235385876","618353169","R"
"76524","2000 Schilling Avenue, Albany, GA, 31705","Match","Exact","2000 SCHILLING AVE, ALBANY, GA, 31705","-84.104426790773,31.603130717677","84323395","R"
"37512","4630 Sheraton Drive, Macon, GA, 31210","Match","Exact","4630 SHERATON DR, MACON, GA, 31210","-83.706380545828,32.919801178796","81084756","R"
"60296","2015 Felton Avenue, Macon, GA, 31201","Match","Exact","2015 FELTON AVE, MACON, GA, 31201","-83.649306585552,32.823097790122","81061599","R"
"76647","1675 Montpelier Avenue, Macon, GA, 31201","Match","Exact","1675 MONTPELIER AVE, MACON, GA, 31201","-83.651427444193,32.832811574719","81061399","R"
"72","2763 Old Gray Hwy, Macon, GA, 31211","Match","Exact","2763 OLD GRAY HWY, MACON, GA, 31211","-83.595760884635,32.897702737376","611653204","R"
"78946","500A Northside Crossing, Macon, GA, 31210","Match","Non_Exact","500A NORTHSIDE CROSSING, MACON, GA, 31210","-83.705050649512,32.89831175211","650750247","L"
"78948","907 East 17th Avenue, Cordele, GA, 31015","Match","Non_Exact","907 17TH AVE E, CORDELE, GA, 31015","-83.769037852341,31.962682871708","15658201","R"
"11491","4740 Log Cabin Drive, Macon, GA, 31204","Match","Exact","4740 LOG CABIN DR, MACON, GA, 31204","-83.707750326096,32.815285550016","81071615","L"
"74106","2020 Bowman Park, Macon, GA, 31210","No_Match"
"11494","560 Arlington Place, Macon, GA, 31201","Match","Exact","560 ARLINGTON PL, MACON, GA, 31201","-83.641016259439,32.838894550395","81061804","L"
"62486","201 Second Street, Suite 1100, Macon, GA, 31201","Match","Exact","201 2ND ST, MACON, GA, 31201","-83.626894190008,32.839198408166","81062895","R"
"9457","770 Walnut Street, Macon, GA, 31201","Match","Exact","770 WALNUT ST, MACON, GA, 31201","-83.629423691839,32.840724956256","81062751","L"
"62003","484 Cherry Street, Macon, GA, 31201","Match","Exact","484 CHERRY ST, MACON, GA, 31201","-83.627274479201,32.835483359549","81084174","L"
"62124","1897 Allen Road, Macon, GA, 31216","Match","Exact","1897 ALLEN RD, MACON, GA, 31216","-83.643808399043,32.741129505592","618723736","L"
"75313","2404 Moody Road, Warner Robins, GA, 31088","Match","Exact","2404 MOODY RD, WARNER ROBINS, GA, 31088","-83.622834398229,32.585475882275","91231609","R"
"63578","3035 Hartley Bridge Road, Macon, GA, 31216","Match","Exact","3035 HARTLEY BRIDGE RD, MACON, GA, 31216","-83.673168079736,32.746441728404","81066162","R"
"67813","300 Northside Crossing, Macon, GA, 31210","Match","Exact","300 NORTHSIDE CROSSING, MACON, GA, 31210","-83.70441578272,32.897146799242","650750247","L"
"9451","231 Riverside Drive, Suite 105, Macon, GA, 31201","Match","Exact","231 RIVERSIDE DR, MACON, GA, 31201","-83.619789518104,32.837036045702","81084226","R"
"77840","5171 Bowman Road, Macon, GA, 31210","Match","Exact","5171 BOWMAN RD, MACON, GA, 31210","-83.7257214267,32.920845038802","644985812","L"
"77844","5080 Riverside Drive Suite 334, Macon, GA, 31210","Match","Exact","5080 RIVERSIDE DR, MACON, GA, 31210","-83.713976046306,32.929498702275","81086310","L"
"78813","797 Saint Andrews Drive, Macon, GA, 31210","Match","Exact","797 SAINT ANDREWS DR, MACON, GA, 31210","-83.70709208325,32.860322350753","81077997","L"
"76635","120 North Crest Boulevard Suite C, Macon, GA, 31210","Match","Non_Exact","120 N CREST BLVD, MACON, GA, 31210","-83.691248206744,32.904767813282","81071864","L"
"77966","1525 Forsyth Street, Macon, GA, 31201","Match","Exact","1525 FORSYTH ST, MACON, GA, 31201","-83.644488128921,32.838297710055","81061717","R"
"76515","1552-C Rocky Creek Road, Macon, GA, 31206","Match","Non_Exact","1552 ROCKY CREEK RD, MACON, GA, 31206","-83.671953015904,32.790775656428","81060560","L"
"78815","150 Sessions Drive, Macon, GA, 31204","No_Match"
"76639","200 Coliseum Drive, Macon, GA, 31217","Match","Exact","200 COLISEUM DR, MACON, GA, 31217","-83.618494471639,32.841424653531","81084210","L"
"86","1780 Jennifer Drive, Macon, GA, 31206","Match","Exact","1780 JENNIFER DR, MACON, GA, 31206","-83.677914830215,32.782200252296","81083223","R"
"78818","378 2nd Street, Macon, GA, 31201","Match","Exact","378 2ND ST, MACON, GA, 31201","-83.628729980205,32.836816704281","81062925","L"
"88","5472 New Forsyth Road, Macon, GA, 31210","Match","Exact","5472 NEW FORSYTH RD, MACON, GA, 31210","-83.722810835565,32.934155241961","656400968","R"
"69323","2186 Ingleside Avenue, Macon, GA, 31204","Match","Exact","2186 INGLESIDE AVE, MACON, GA, 31204","-83.651060758458,32.8537100702","81084465","L"
"71644","1825 Pennsylvania Avenue, McDonough, GA, 30253","No_Match"
"72975","419 Cherry Street, Macon, GA, 31201","Match","Exact","419 CHERRY ST, MACON, GA, 31201","-83.626130556476,32.8348930132","81062962","R"
"9343","4468 Forsyth Road, Macon, GA, 31210","Match","Exact","4468 FORSYTH RD, MACON, GA, 31210","-83.701491219185,32.870089520468","81058085","L"
"72852","1501 Bass Road, Macon, GA, 31210","Match","Exact","1501 BASS RD, MACON, GA, 31210","-83.738325990112,32.924939331293","81084828","R"
"72971","4658 Presidential Parkway, #1318, Macon, GA, 31206","Match","Exact","4658 PRESIDENTIAL PKWY, MACON, GA, 31206","-83.713578083759,32.819166888568","81086941","R"
"57462","4321- C Interstate Drive, Macon, GA, 31210","Match","Non_Exact","4321 INTERSTATE DR, MACON, GA, 31210","-83.729359529522,32.826983331479","81074271","L"
"78160","201 Sheraton Boulevard, Suite A, Macon, GA, 31210","Match","Non_Exact","201 SHERATON BLVD, MACON, GA, 31210","-83.707155201135,32.920825141163","81086353","L"
"79010","1955 Broadway Lane, Macon, GA, 31206","Match","Non_Exact","1955 BROADWAY, MACON, GA, 31206","-83.639742438735,32.817938864891","81063864","R"
"62933","484 First Street, Suite 1, Macon, GA, 31201","Match","Non_Exact","484 1ST STREET LN, MACON, GA, 31201","-83.63064013296,32.835720230135","81084109","L"
"78283","2811 Watson Boulevard, Suite 6, Warner Robins, GA, 31093","Match","Exact","2811 WATSON BLVD, WARNER ROBINS, GA, 31093","-83.680445170347,32.618535081501","91235941","R"
"79130","2965 Vineville Avenue, Macon, GA, 31204","Match","Exact","2965 VINEVILLE AVE, MACON, GA, 31204","-83.671271363152,32.848129175674","81059031","R"
"78286","P.O. Box 339, Bolingbroke, GA, 31046","No_Match"
"62935","777 Hemlock Street, MSC 104, Macon, GA, 31201","Match","Non_Exact","777 HEMLOCK ST, MACON, GA, 31201","-83.636290487022,32.833119615795","81084085","R"
"10932","1760 Bass Road, Suite 200A, Macon, GA, 31210","Match","Exact","1760 BASS RD, MACON, GA, 31210","-83.721511511296,32.936598769833","81078582","L"
"78167","1470 Riveredge Parkway, Sandy Springs, GA, 30328","Match","Non_Exact","1470 RIVEREDGE PKWY NW, SANDY SPRINGS, GA, 30328","-84.43374520642,33.91046214064","654666097","L"
"79013","462 Cherry Street, Macon, GA, 31201","Match","Exact","462 CHERRY ST, MACON, GA, 31201","-83.626918936831,32.8352764985","81084174","L"
"62927","111 B Gateway Drive, Macon, GA, 31210","Match","Non_Exact","111 GATEWAY DR, MACON, GA, 31210","-83.709846731214,32.927911469557","81071517","R"
"60996","4420 Forsyth Road Suite 190, Macon, GA, 31210","Match","Exact","4420 FORSYTH RD, MACON, GA, 31210","-83.700239357951,32.869427910652","81058085","L"
"79015","400 Walden Road, Forsyth, GA, 31029","Match","Exact","400 WALDEN RD, FORSYTH, GA, 31029","-83.889114799124,32.931831035965","651810733","R"
"57222","353 Robins West Parkway, Warner Robins, GA, 31088","Match","Exact","353 ROBINS WEST PKWY, WARNER ROBINS, GA, 31088","-83.677863788646,32.614407730596","91219450","R"
"58798","5797 Houston Road, Suite F, Macon, GA, 31216","Match","Non_Exact","5797 HOUSTON RD, MACON, GA, 31216","-83.675023256453,32.741403282375","628066229","L"
"72848","150 College Street, Macon, GA, 31201","Match","Exact","150 COLLEGE ST, MACON, GA, 31201","-83.636256960571,32.845411631033","81061230","L"
"78150","588 Mulberry Street, Macon, GA, 31201","Match","Exact","588 MULBERRY ST, MACON, GA, 31201","-83.627701879572,32.837544118788","81084166","L"
"78271","311 Eagle Crest, Macon, GA, 31211","Match","Non_Exact","311 EAGLE CREST DR, MACON, GA, 31211","-83.666695937562,32.933977905301","65482028","L"
"61612","225 Willie Smokie Glover Drive, Macon, GA, 31201","Match","Exact","225 WILLIE SMOKIE GLOVER DR, MACON, GA, 31201","-83.6167371379,32.833775823376","81073883","L"
"78273","640 Plum Street, Suite 202, Macon, GA, 31201","Match","Exact","640 PLUM ST, MACON, GA, 31201","-83.631542330074,32.834085811994","81062815","L"
"78153","234 Tom Hill Sr Boulevard, Macon, GA, 31210","Match","Exact","234 TOM HILL SR BLVD, MACON, GA, 31210","-83.689539490497,32.897917632791","636327364","R"
"79000","5080 Riverside Drive, Macon, GA, 31210","Match","Exact","5080 RIVERSIDE DR, MACON, GA, 31210","-83.713976046306,32.929498702275","81086310","L"
"79002","Call for More Information, Covington, GA, 30016","No_Match"
"78157","761 Poplar Street, Suite 2H, Macon, GA, 31201","Match","Exact","761 POPLAR ST, MACON, GA, 31201","-83.632548663491,32.836815695448","81062780","R"
"58202","915 Hill Park Suite 101, Macon, GA, 31201","Match","Exact","915 HILL PARK, MACON, GA, 31201","-83.632346966838,32.841538229292","81062686","R"
"58686","102 Tommy Stalnaker Drive, Warner Robins, GA, 31088","Match","Exact","102 TOMMY STALNAKER DR, WARNER ROBINS, GA, 31088","-83.693633984738,32.611657820972","618741862","R"
"61609","3576 Pio Nono Avenue, Macon, GA, 31206","Match","Exact","3576 PIO NONO AVE, MACON, GA, 31206","-83.665363857477,32.798750001959","81060512","L"
"79128","551 Cherry Street, Suite 102, Macon, Georgia, 31201","Match","Exact","551 CHERRY ST, MACON, GA, 31201","-83.628276034214,32.836230823258","81062849","R"
"57597","4420 Forsyth Road, Suite 180, Macon, GA, 31210","Match","Exact","4420 FORSYTH RD, MACON, GA, 31210","-83.700239357951,32.869427910652","81058085","L"
"68000","240 Mercer Junction, Macon, GA, 31210","Match","Exact","240 MERCER JUNCTION, MACON, GA, 31210","-83.73205292043,32.834825558884","637261200","R"
"71668","500A Northside Crossing, Suite #31, Macon, GA, 31210","Match","Non_Exact","500A NORTHSIDE CROSSING, MACON, GA, 31210","-83.705050649512,32.89831175211","650750247","L"
"72878","56 Broad Street, Hawkinsville, GA, 31036","Match","Exact","56 BROAD ST, HAWKINSVILLE, GA, 31036","-83.466010002605,32.28215021468","15733252","L"
"70335","631 S. Houston Lake Road Suite 400, Warner Robins, GA, 31088","Match","Exact","631 S HOUSTON LAKE RD, WARNER ROBINS, GA, 31088","-83.672116550333,32.59987642779","651792072","L"
"72876","302 Bella Notte, Warner Robins, GA, 31088","Match","Non_Exact","302 BELLA NOTTE CIR, WARNER ROBINS, GA, 31088","-83.66890533716,32.564266908453","655004431","L"
"71662","5791 Zebulon Road, Suite A, Macon, GA, 31210","Match","Non_Exact","5791 ZEBULON RD, MACON, GA, 31210","-83.751525158451,32.879805928918","81084572","L"
"72993","141 Martin Luther King Jr Blvd, Macon, GA, 31201","No_Match"
"57361","3661 Eisenhower Parkway, Macon, GA, 31206","Match","Exact","3661 EISENHOWER PKWY, MACON, GA, 31206","-83.694154720999,32.815835932692","81090046","L"
"72870","351 Otis Redding Drive, Hillsboro, GA, 31038","Match","Exact","351 OTIS REDDING DR, HILLSBORO, GA, 31038","-83.591653336834,33.085633663254","611650892","L"
"9480","1301 Riverside Drive, Macon, GA, 31201","Match","Exact","1301 RIVERSIDE DR, MACON, GA, 31201","-83.63900203668,32.848841323476","647023146","R"
"71782","4341 Interstate Drive, Suite B, Macon, GA, 31210","Match","Non_Exact","4341 INTERSTATE DR, MACON, GA, 31210","-83.729365949497,32.826143603956","81074271","L"
"79030","530 Martin Luther King Jr Blvd, Macon, GA, 31201","Match","Exact","530 MARTIN LUTHER KING JR BLVD, MACON, GA, 31201","-83.627283421175,32.833080756459","81062967","L"
"79150","5233 Riverside Drive, Suite D, Macon, GA, 31210","Match","Non_Exact","5233 RIVERSIDE DR, MACON, GA, 31210","-83.714502360283,32.931366724001","81056469","L"
"60529","63 West Adams Street, Forsyth, GA, 31029","Match","Exact","63 W ADAMS ST, FORSYTH, GA, 31029","-83.940310308224,33.0357299992","66664193","L"
"61503","250 Martin Luther King Jr. Blvd., Suite 200, Macon, GA, 31201","Match","Exact","250 MARTIN LUTHER KING JR BLVD, MACON, GA, 31201","-83.623177830815,32.835449160841","81085907","R"
"61745","117 Industrial Blvd Suite N, Gray, GA, 31032","Match","Non_Exact","117 INDUSTRIAL BLVD, GRAY, GA, 31032","-83.531451631595,33.019904502112","65477869","L"
"56270","1228 Watson Boulevard, Warner Robins, GA, 31093","Match","Exact","1228 WATSON BLVD, WARNER ROBINS, GA, 31093","-83.618913522092,32.618304989309","91220108","R"
"59669","101 Lillian Drive, Macon, GA, 31217","Match","Exact","101 LILLIAN DR, MACON, GA, 31217","-83.554718933228,32.803250691154","81081422","L"
"78188","245 Tom Hill Sr. Boulevard, Suite 100B, Macon, GA, 31210","Match","Exact","245 TOM HILL SR BLVD, MACON, GA, 31210","-83.689576423316,32.89757457341","636327364","L"
"57129","1611 Bass Road, Macon, GA, 31210","Match","Exact","1611 BASS RD, MACON, GA, 31210","-83.73037806009,32.928980771943","81079921","R"
"78069","4665 Twin Oak Drive, Macon, GA, 31210","Match","Exact","4665 TWIN OAK DR, MACON, GA, 31210","-83.71120126458,32.87206338634","81057057","R"
"79037","Call for More Information, Macon, GA, 31201","No_Match"
"56034","590 D.T. Walton Senior Way, Macon, GA, 31201","Match","Non_Exact","590 D T WALTON SR WAY, MACON, GA, 31201","-83.634132203489,32.835774013004","81062785","L"
"60533","2200 Northside Crossing, Macon, GA, 31210","No_Match"
"60896","201 Sheraton Boulevard, Suite B, Macon, GA, 31210","Match","Non_Exact","201 SHERATON BLVD, MACON, GA, 31210","-83.707155201135,32.920825141163","81086353","L"
"10916","3205 Hartley Bridge Road, Macon, GA, 31216","Match","Exact","3205 HARTLEY BRIDGE RD, MACON, GA, 31216","-83.677370908621,32.746602392741","81066162","R"
"71555","6501 Peake Road, Bldg. 500, Macon, GA, 31210","Match","Exact","6501 PEAKE RD, MACON, GA, 31210","-83.762042398213,32.87632775981","81074471","R"
"9490","3951 Ridge Avenue, Suite A, Macon, GA, 31210","Match","Non_Exact","3951 RIDGE AVE, MACON, GA, 31210","-83.690410240693,32.864978740615","636327526","R"
"10918","3318 Vineville Avenue, Macon, GA, 31204","Match","Exact","3318 VINEVILLE AVE, MACON, GA, 31204","-83.679444544791,32.854774362505","81058830","L"
"79140","1305 Hardeman Avenue, Suite #100, Macon, GA, 31210","Match","Non_Exact","1305 HARDEMAN AVE, MACON, GA, 31201","-83.641489469277,32.839974643916","81061699","R"
"10919","5999 Zebulon Road, Macon, GA, 31210","Match","Exact","5999 ZEBULON RD, MACON, GA, 31210","-83.760797463926,32.879937015616","650752564","L"
"62722","1520 Bass Road, Macon, GA, 31210","Match","Exact","1520 BASS RD, MACON, GA, 31210","-83.736924862447,32.926266694512","81084828","L"
"78171","1955 Atwood Avenue, Suite 202, Madison, WI, 53704","Match","Exact","1955 ATWOOD AVE, MADISON, WI, 53704","-89.356130220572,43.091546407245","652061924","R"
"79021","1390 Gray Highway, Macon, GA, 31211","Match","Exact","1390 GRAY HWY, MACON, GA, 31211","-83.613962902571,32.861266270238","81084494","L"
"56040","3888 Northside Drive, Suite B, Macon, GA, 31210","Match","Non_Exact","3888 NORTHSIDE DR, MACON, GA, 31210","-83.696063707776,32.897906400317","81084764","L"
"61516","1641 Eisenhower Parkway, Macon, GA, 31206","Match","Exact","1641 EISENHOWER PKWY, MACON, GA, 31206","-83.673118646197,32.81478819266","81085487","L"
"1404","4760 Forsyth Road, Macon, GA, 31210","Match","Exact","4760 FORSYTH RD, MACON, GA, 31210","-83.718122158132,32.877556022329","642635247","L"
"61628","6501 Peake Road, Suite 1000, Macon, GA, 31210","Match","Exact","6501 PEAKE RD, MACON, GA, 31210","-83.762042398213,32.87632775981","81074471","R"
"79024","4144 Pio Nono Avenue, Macon, GA, 31206","Match","Exact","4144 PIO NONO AVE, MACON, GA, 31206","-83.66844814929,32.78958875367","81083257","L"
"60422","577 Mulberry Street, Suite 909, Macon, GA, 31201","Match","Exact","577 MULBERRY ST, MACON, GA, 31201","-83.627311312065,32.837764661374","81084171","R"
"79028","42 Railroad Avenue, Forsyth, GA, 31029","Match","Exact","42 RAILROAD AVE, FORSYTH, GA, 31029","-83.937034197115,33.037367592052","636450222","R"
"10927","1201 Seventh Street, Macon, GA, 31201","Match","Non_Exact","1201 7TH ST, MACON, GA, 31206","-83.629306182546,32.822044466616","81071640","R"
"60663","778 C Riverside Drive, Macon, GA, 31201","Match","Non_Exact","778 RIVERSIDE DR, MACON, GA, 31201","-83.628504877765,32.842160055833","81062732","L"
"58104","4008 Vineville Avenue, Macon, GA, 31210","Match","Exact","4008 VINEVILLE AVE, MACON, GA, 31210","-83.690269661253,32.863549219728","647702260","L"
"58346","502 Cherry Street, Macon, GA, 31201","Match","Exact","502 CHERRY ST, MACON, GA, 31201","-83.627750001317,32.835729522454","81062934","L"
"60540","4875 Riverside Drive Suite 201, Macon, GA, 31210","Match","Exact","4875 RIVERSIDE DR, MACON, GA, 31210","-83.711746830326,32.925425347585","81084839","L"
"60661","1445 Georgia Avenue, Macon, GA, 31201","Match","Exact","1445 GEORGIA AVE, MACON, GA, 31201","-83.642869579413,32.840669488254","81061693","R"
"1409","2108 Avondale Mill Road, Macon, GA, 31216","Match","Exact","2108 AVONDALE MILL RD, MACON, GA, 31216","-83.633914482285,32.683303822387","618723343","R"
"8292","4611 Ivey Drive, Suite 400, Macon, GA, 31206","Match","Exact","4611 IVEY DR, MACON, GA, 31206","-83.736070093057,32.798650819269","81083347","R"
"56053","3155 Franklinton Road, Dry Branch, GA, 31020","Match","Exact","3155 FRANKLINTON RD, DRY BRANCH, GA, 31020","-83.533387951571,32.804161493359","81065664","R"
"71562","567 Plum Street, Macon, GA, 31201","Match","Exact","567 PLUM ST, MACON, GA, 31201","-83.630708874687,32.833726927838","81062855","R"
"79052","23 Lakeside Court, Waverly, GA, 31565","Match","Exact","23 LAKESIDE CT, WAVERLY, GA, 31565","-81.589598598105,31.106754837265","650966396","L"
"56297","4511 Forsyth Road, Macon, GA, 31210","Match","Exact","4511 FORSYTH RD, MACON, GA, 31210","-83.702555087817,32.870781139556","81057066","R"
"61765","1510 Mercer University Drive, Macon, GA, 31204","Match","Exact","1510 MERCER UNIVERSITY DR, MACON, GA, 31204","-83.653747518104,32.825628978347","81083753","R"
"78083","201 Second Street, Suite 1010, Macon, GA, 31201","Match","Exact","201 2ND ST, MACON, GA, 31201","-83.626894190008,32.839198408166","81062895","R"
"58592","5980 Zebulon Road, Macon, GA, 31210","Match","Exact","5980 ZEBULON RD, MACON, GA, 31210","-83.759537810901,32.879804325032","650752564","R"
"59680","3268 Avondale Mill Road, Macon, GA, 31216","Match","Exact","3268 AVONDALE MILL RD, MACON, GA, 31216","-83.680560518526,32.696452442692","653440881","R"
"61769","2385 Vineville Avenue, Macon, GA, 31204","Match","Exact","2385 VINEVILLE AVE, MACON, GA, 31204","-83.65698731851,32.846178479353","81060915","R"
"60679","117 Pat Joiner Blvd., Byron, GA, 31008","Match","Exact","117 PAT JOINER BLVD, BYRON, GA, 31008","-83.73633794274,32.649182109643","639711137","R"
"60313","544 Mulberry Street, Suite 301, Macon, GA, 31201","Match","Exact","544 MULBERRY ST, MACON, GA, 31201","-83.627272079228,32.837289870657","81084166","L"
"69241","577 Mulberry Street, Suite 705, Macon, GA, 31201","Match","Exact","577 MULBERRY ST, MACON, GA, 31201","-83.627311312065,32.837764661374","81084171","R"
"70486","Call For More Information, Macon, GA, ","No_Match"
"71576","314 Corder Road, Warner Robins, GA, 31088","Match","Exact","314 CORDER RD, WARNER ROBINS, GA, 31088","-83.649988824798,32.614473880229","91232158","L"
"62740","4634 Presidential Parkway, Suite R, Macon, GA, 31206","Match","Non_Exact","4634 PRESIDENTIAL PKWY, MACON, GA, 31206","-83.711613639523,32.820627951231","81086508","R"
"61652","1090 Washington Avenue, Suite 114, Macon, GA, 31201","Match","Exact","1090 WASHINGTON AVE, MACON, GA, 31201","-83.637667659472,32.838588406387","81061829","L"
"61774","790 Fulton Street, Macon, GA, 31206","Match","Exact","790 FULTON ST, MACON, GA, 31206","-83.650663915004,32.791668931888","81064139","L"
"79041","4931 Riverside Drive, Bldg. 100, Suite A, Macon, GA, 31210","Match","Non_Exact","4931 RIVERSIDE DR, MACON, GA, 31210","-83.712160807869,32.926359545925","81084839","L"
"62986","610 North Avenue Suite F, Macon, GA, 31211","Match","Non_Exact","610 NORTH AVE, MACON, GA, 31211","-83.625421779713,32.849168877406","81085851","L"
"61535","2140 Riverside Drive, Suite B, Macon, GA, 31204","Match","Non_Exact","2140 RIVERSIDE DR, MACON, GA, 31204","-83.647591163124,32.85887391696","81084470","L"
"61528","4611 Ivey Drive, Suite 200, Macon, GA, 31206","Match","Exact","4611 IVEY DR, MACON, GA, 31206","-83.736070093057,32.798650819269","81083347","R"
"79047","501 Linden Court, Marshall Township, PA, 16046","Match","Non_Exact","501 LINDEN CT, MARS, PA, 16046","-80.125221770857,40.665879870781","51707679","R"
"1302","111 Trojan Trail, Macon, GA, 31210","Match","Exact","111 TROJAN TRL, MACON, GA, 31210","-83.718527068193,32.893017022559","81084717","R"
"57277","121 Perimeter Parkway, Macon, GA, 31210","Match","Exact","121 PERIMETER PKWY, MACON, GA, 31210","-83.721664455674,32.93704300677","81076898","R"
"1300","5512 Thomaston Road, Suite A, Macon, GA, 31220","Match","Non_Exact","5512 THOMASTON RD, MACON, GA, 31220","-83.742663188856,32.833948861296","81057566","R"
"59576","5780 Houston Road, Macon, GA, 31216","Match","Exact","5780 HOUSTON RD, MACON, GA, 31216","-83.674520929556,32.742064632055","81066170","R"
"1308","165 First Street, Macon, GA, 31201","Match","Exact","165 1ST ST, MACON, GA, 31201","-83.628020008602,32.840598892827","81062887","R"
"1307","3041 Vineville Avenue, Macon, GA, 31204","Match","Exact","3041 VINEVILLE AVE, MACON, GA, 31204","-83.673424248144,32.849611622234","81058933","R"
"71582","3108 Mercer University Drive, Macon, GA, 31204","Match","Exact","3108 MERCER UNIVERSITY DR, MACON, GA, 31204","-83.677959006689,32.825595363035","81083653","L"
"1434","1515 Bass Road, Suite B, Macon, GA, 31210","Match","Non_Exact","1515 BASS RD, MACON, GA, 31210","-83.736862781114,32.926164636631","81084828","R"
"1312","5082 Forsyth Road, Macon, GA, 31210","Match","Exact","5082 FORSYTH RD, MACON, GA, 31210","-83.729558589668,32.883006390753","81078607","R"
"1433","348 Cotton Avenue, Suite 500, Macon, GA, 31201","Match","Exact","348 COTTON AVE, MACON, GA, 31201","-83.62933280468,32.837221625911","81062842","L"
"1310","686 Poplar Street, Macon, GA, 31201","Match","Exact","686 POPLAR ST, MACON, GA, 31201","-83.631274018417,32.835706005253","81062830","L"
"58017","3283 Vineville Avenue, Macon, GA, 31204","Match","Exact","3283 VINEVILLE AVE, MACON, GA, 31204","-83.678314976349,32.853924166428","81075182","R"
"37237","221 Industrial Park, Perry, GA, 31069","Match","Non_Exact","221 INDUSTRIAL PARK DR, PERRY, GA, 31069","-83.772435821993,32.458080411364","647573998","L"
"1317","4700 Ivey Drive, Macon, GA, 31206","Match","Exact","4700 IVEY DR, MACON, GA, 31206","-83.735877754206,32.802110736554","81083346","L"
"61551","5437 Bowman Road, Suite 314, Macon, GA, 31210","Match","Exact","5437 BOWMAN RD, MACON, GA, 31210","-83.731627691829,32.925273998022","81074902","L"
"1330","2451 Allen Road, Macon, GA, 31216","Match","Exact","2451 ALLEN RD, MACON, GA, 31216","-83.659690237833,32.741240873168","628066159","L"
"57175","794 Cherry Street, Macon, GA, 31201","Match","Exact","794 CHERRY ST, MACON, GA, 31201","-83.63203938112,32.838340595558","81062784","L"
"62885","544 Mulberry Street, Suite 903, Macon, GA, 31201","Match","Exact","544 MULBERRY ST, MACON, GA, 31201","-83.627272079228,32.837289870657","81084166","L"
"61555","787 Hillcrest Industrial Blvd., Suite J, Macon, GA, 31204","Match","Non_Exact","787 HILLCREST INDUSTRIAL BLVD, MACON, GA, 31204","-83.673090692355,32.841092439472","81071709","L"
"56082","150 Sessions Drive, Macon, GA, 31201","No_Match"
"61679","121 N Crest Blvd., Macon, GA, 31210","Match","Exact","121 N CREST BLVD, MACON, GA, 31210","-83.691141525078,32.904696336918","81071864","R"
"79067","497 Second Street, Macon, GA, 31201","Match","Exact","497 2ND ST, MACON, GA, 31201","-83.629999208797,32.835521200158","81084110","R"
"62519","7067 Cochran Field Road, Macon, GA, 31216","Match","Exact","7067 COCHRAN FIELD RD, MACON, GA, 31216","-83.652486997424,32.717120409606","81083013","R"
"1446","2020 Riverside Drive, Macon, GA, 31204","Match","Exact","2020 RIVERSIDE DR, MACON, GA, 31204","-83.645447110709,32.856287827363","81084477","L"
"1202","2949 Joycliff Road, Macon, GA, 31211","Match","Exact","2949 JOYCLIFF RD, MACON, GA, 31211","-83.566125826341,32.878127515213","65480283","L"
"1322","117 Preston Court, Macon, GA, 31210","Match","Exact","117 PRESTON CT, MACON, GA, 31210","-83.730437376924,32.937601485973","81093485","R"
"1443","3340 Chestney Road, Macon, GA, 31217","Match","Exact","3340 CHESTNEY RD, MACON, GA, 31217","-83.537067617731,32.822114917412","81075607","R"
"1200","3344 Peachtree Road, Suite 2150, Atlanta, GA, 30326","Match","Non_Exact","3344 PEACHTREE RD NE, ATLANTA, GA, 30326","-84.365717670225,33.849020466793","650072859","L"
"1321","310 West Clinton Street, Gray, GA, 31032","Match","Non_Exact","310 E CLINTON ST, GRAY, GA, 31032","-83.526451029806,33.012909388763","65477913","R"
"60585","93 Gateway Drive, Macon, GA, 31210","Match","Exact","93 GATEWAY DR, MACON, GA, 31210","-83.709376732662,32.927575958456","81071517","R"
"68060","Call For More Information, Macon, GA, 31201","No_Match"
"60580","577 Mulberry Street, Suite 1515, Macon, GA, 31201","Match","Exact","577 MULBERRY ST, MACON, GA, 31201","-83.627311312065,32.837764661374","81084171","R"
"68188","401 Cotton Avenue, Macon, GA, 31201","Match","Exact","401 COTTON AVE, MACON, GA, 31201","-83.629977692627,32.837140466388","81062837","R"
"904","2995 Hillcrest Avenue, Macon, GA, 31204","Match","Exact","2995 HILLCREST AVE, MACON, GA, 31204","-83.672223038037,32.839183861587","81059363","R"
"1208","279 Reid Street, Macon, GA, 31206","Match","Exact","279 REID ST, MACON, GA, 31206","-83.638042902087,32.817404118154","81063895","R"
